This is XeTeX, Version 3.141592653-2.6-0.999997 (MiKTeX 25.4) (preloaded format=xelatex 2025.10.28)  16 JUL 2026 19:08
entering extended mode
 restricted \write18 enabled.
 file:line:error style messages enabled.
 %&-line parsing enabled.
**c:/Users/Samuel/Desktop/work-project/TA-STI/TA.tex
(c:/Users/Samuel/Desktop/work-project/TA-STI/TA.tex
LaTeX2e <2025-06-01> patch level 1
L3 programming layer <2025-10-09>
(C:\Users\Samuel\AppData\Local\Programs\MiKTeX\tex/latex/base\book.cls
Document Class: book 2025/01/22 v1.4n Standard LaTeX document class
(C:\Users\Samuel\AppData\Local\Programs\MiKTeX\tex/latex/base\bk12.clo
File: bk12.clo 2025/01/22 v1.4n Standard LaTeX file (size option)
)
\c@part=\count271
\c@chapter=\count272
\c@section=\count273
\c@subsection=\count274
\c@subsubsection=\count275
\c@paragraph=\count276
\c@subparagraph=\count277
\c@figure=\count278
\c@table=\count279
\abovecaptionskip=\skip49
\belowcaptionskip=\skip50
\bibindent=\dimen148
)
(C:\Users\Samuel\AppData\Local\Programs\MiKTeX\tex/latex/base\inputenc.sty
Package: inputenc 2024/02/08 v1.3d Input encoding file
\inpenc@prehook=\toks17
\inpenc@posthook=\toks18


Package inputenc Warning: inputenc package ignored with utf8 based engines.

)
(C:\Users\Samuel\AppData\Local\Programs\MiKTeX\tex/latex/fontspec\fontspec.sty
(C:\Users\Samuel\AppData\Local\Programs\MiKTeX\tex/latex/l3packages/xparse\xpar
se.sty
(C:\Users\Samuel\AppData\Local\Programs\MiKTeX\tex/latex/l3kernel\expl3.sty
Package: expl3 2025-10-09 L3 programming layer (loader) 

(C:\Users\Samuel\AppData\Local\Programs\MiKTeX\tex/latex/l3backend\l3backend-xe
tex.def
File: l3backend-xetex.def 2025-10-09 L3 backend support: XeTeX
\g__graphics_track_int=\count280
\g__pdfannot_backend_int=\count281
\g__pdfannot_backend_link_int=\count282
))
Package: xparse 2025-10-09 L3 Experimental document command parser
)
Package: fontspec 2025/09/29 v2.9g Font selection for XeLaTeX and LuaLaTeX

(C:\Users\Samuel\AppData\Local\Programs\MiKTeX\tex/latex/fontspec\fontspec-xete
x.sty
Package: fontspec-xetex 2025/09/29 v2.9g Font selection for XeLaTeX and LuaLaTe
X
\l__fontspec_script_int=\count283
\l__fontspec_language_int=\count284
\l__fontspec_strnum_int=\count285
\l__fontspec_tmp_int=\count286
\l__fontspec_tmpa_int=\count287
\l__fontspec_tmpb_int=\count288
\l__fontspec_tmpc_int=\count289
\l__fontspec_em_int=\count290
\l__fontspec_emdef_int=\count291
\l__fontspec_strong_int=\count292
\l__fontspec_strongdef_int=\count293
\l__fontspec_tmpa_dim=\dimen149
\l__fontspec_tmpb_dim=\dimen150
\l__fontspec_tmpc_dim=\dimen151
 (C:\Users\Samuel\AppData\Local\Programs\MiKTeX\tex/latex/base\fontenc.sty
Package: fontenc 2024/12/21 v2.1c Standard LaTeX package
)
(C:\Users\Samuel\AppData\Local\Programs\MiKTeX\tex/latex/fontspec\fontspec.cfg)
)) (C:\Users\Samuel\AppData\Local\Programs\MiKTeX\tex/generic/babel\babel.sty
Package: babel 2025/10/22 v25.14 The multilingual framework for LuaLaTeX, pdfLa
TeX and XeLaTeX
\babel@savecnt=\count294
LaTeX Encoding Info:    Redeclaring text command \ij (encoding OT1) on input li
ne 2050.
LaTeX Encoding Info:    Redeclaring text command \IJ (encoding OT1) on input li
ne 2052.
LaTeX Encoding Info:    Redeclaring text command \ij (encoding T1) on input lin
e 2054.
LaTeX Encoding Info:    Redeclaring text command \IJ (encoding T1) on input lin
e 2055.
LaTeX Encoding Info:    Ignoring declaration for text command \ij (encoding ?) 
on input line 2056.
LaTeX Encoding Info:    Ignoring declaration for text command \IJ (encoding ?) 
on input line 2058.
LaTeX Encoding Info:    Ignoring declaration for text command \SS (encoding ?) 
on input line 2083.
\U@D=\dimen152
\l@unhyphenated=\language79

(C:\Users\Samuel\AppData\Local\Programs\MiKTeX\tex/generic/babel\xebabel.def)
\bbl@readstream=\read2
\bbl@dirlevel=\count295


Package babel Warning: Configuration files are deprecated, as
(babel)                they can break document portability.
(babel)                Reported on input line 4172.

*************************************
* Local config file bblopts.cfg used
*
(C:\Users\Samuel\AppData\Local\Programs\MiKTeX\tex/latex/arabi\bblopts.cfg
File: bblopts.cfg 2005/09/08 v0.1 add Arabic and Farsi to "declared" options of
 babel
)
(C:\Users\Samuel\AppData\Local\Programs\MiKTeX\tex/generic/babel/locale/id\babe
l-indonesian.tex)
Package babel Info: Importing font and identification data for indonesian
(babel)             from babel-id.ini. Reported on input line 4295.

(C:\Users\Samuel\AppData\Local\Programs\MiKTeX\tex/latex/babel-indonesian\indon
esian.ldf
Language: indonesian 2025/06/01 v1.0n Bahasa Indonesia support from the babel s
ystem
))
(C:\Users\Samuel\AppData\Local\Programs\MiKTeX\tex/latex/csquotes\csquotes.sty
Package: csquotes 2024-04-04 v5.2o context-sensitive quotations (JAW)

(C:\Users\Samuel\AppData\Local\Programs\MiKTeX\tex/latex/etoolbox\etoolbox.sty
Package: etoolbox 2025/10/02 v2.5m e-TeX tools for LaTeX (JAW)
\etb@tempcnta=\count296
) (C:\Users\Samuel\AppData\Local\Programs\MiKTeX\tex/latex/graphics\keyval.sty
Package: keyval 2022/05/29 v1.15 key=value parser (DPC)
\KV@toks@=\toks19
)
\csq@reset=\count297
\csq@gtype=\count298
\csq@glevel=\count299
\csq@qlevel=\count300
\csq@maxlvl=\count301
\csq@tshold=\count302
\csq@ltx@everypar=\toks20

(C:\Users\Samuel\AppData\Local\Programs\MiKTeX\tex/latex/csquotes\csquotes.def
File: csquotes.def 2024-04-04 v5.2o csquotes generic definitions (JAW)
)
Package csquotes Info: Trying to load configuration file 'csquotes.cfg'...
Package csquotes Info: ... configuration file loaded successfully.
(C:\Users\Samuel\AppData\Local\Programs\MiKTeX\tex/latex/csquotes\csquotes.cfg
File: csquotes.cfg 
))
(C:\Users\Samuel\AppData\Local\Programs\MiKTeX\tex/latex/setspace\setspace.sty
Package: setspace 2022/12/04 v6.7b set line spacing
) (C:\Users\Samuel\AppData\Local\Programs\MiKTeX\tex/latex/graphics\graphicx.st
y
Package: graphicx 2024/12/31 v1.2e Enhanced LaTeX Graphics (DPC,SPQR)
(C:\Users\Samuel\AppData\Local\Programs\MiKTeX\tex/latex/graphics\graphics.sty
Package: graphics 2024/08/06 v1.4g Standard LaTeX Graphics (DPC,SPQR)

(C:\Users\Samuel\AppData\Local\Programs\MiKTeX\tex/latex/graphics\trig.sty
Package: trig 2023/12/02 v1.11 sin cos tan (DPC)
)
(C:\Users\Samuel\AppData\Local\Programs\MiKTeX\tex/latex/graphics-cfg\graphics.
cfg
File: graphics.cfg 2016/06/04 v1.11 sample graphics configuration
)
Package graphics Info: Driver file: xetex.def on input line 106.

(C:\Users\Samuel\AppData\Local\Programs\MiKTeX\tex/latex/graphics-def\xetex.def
File: xetex.def 2025/09/29 v5.0o Graphics/color driver for xetex
))
\Gin@req@height=\dimen153
\Gin@req@width=\dimen154
)
(C:\Users\Samuel\AppData\Local\Programs\MiKTeX\tex/latex/caption\caption.sty
Package: caption 2023/08/05 v3.6o Customizing captions (AR)

(C:\Users\Samuel\AppData\Local\Programs\MiKTeX\tex/latex/caption\caption3.sty
Package: caption3 2023/07/31 v2.4d caption3 kernel (AR)
\caption@tempdima=\dimen155
\captionmargin=\dimen156
\caption@leftmargin=\dimen157
\caption@rightmargin=\dimen158
\caption@width=\dimen159
\caption@indent=\dimen160
\caption@parindent=\dimen161
\caption@hangindent=\dimen162
Package caption Info: Standard document class detected.
)
\c@caption@flags=\count303
\c@continuedfloat=\count304
)
(C:\Users\Samuel\AppData\Local\Programs\MiKTeX\tex/latex/caption\subcaption.sty
Package: subcaption 2023/07/28 v1.6b Sub-captions (AR)
Package caption Info: New subtype `subfigure' on input line 238.
\c@subfigure=\count305
Package caption Info: New subtype `subtable' on input line 238.
\c@subtable=\count306
)
(C:\Users\Samuel\AppData\Local\Programs\MiKTeX\tex/latex/hyperref\hyperref.sty
Package: hyperref 2025-07-12 v7.01o Hypertext links for LaTeX

(C:\Users\Samuel\AppData\Local\Programs\MiKTeX\tex/generic/iftex\iftex.sty
Package: iftex 2024/12/12 v1.0g TeX engine tests
)
(C:\Users\Samuel\AppData\Local\Programs\MiKTeX\tex/latex/kvsetkeys\kvsetkeys.st
y
Package: kvsetkeys 2022-10-05 v1.19 Key value parser (HO)
)
(C:\Users\Samuel\AppData\Local\Programs\MiKTeX\tex/generic/kvdefinekeys\kvdefin
ekeys.sty
Package: kvdefinekeys 2019-12-19 v1.6 Define keys (HO)
)
(C:\Users\Samuel\AppData\Local\Programs\MiKTeX\tex/generic/pdfescape\pdfescape.
sty
Package: pdfescape 2019/12/09 v1.15 Implements pdfTeX's escape features (HO)

(C:\Users\Samuel\AppData\Local\Programs\MiKTeX\tex/generic/ltxcmds\ltxcmds.sty
Package: ltxcmds 2023-12-04 v1.26 LaTeX kernel commands for general use (HO)
)
(C:\Users\Samuel\AppData\Local\Programs\MiKTeX\tex/generic/pdftexcmds\pdftexcmd
s.sty
Package: pdftexcmds 2020-06-27 v0.33 Utility functions of pdfTeX for LuaTeX (HO
)

(C:\Users\Samuel\AppData\Local\Programs\MiKTeX\tex/generic/infwarerr\infwarerr.
sty
Package: infwarerr 2019/12/03 v1.5 Providing info/warning/error messages (HO)
)
Package pdftexcmds Info: \pdf@primitive is available.
Package pdftexcmds Info: \pdf@ifprimitive is available.
Package pdftexcmds Info: \pdfdraftmode not found.
))
(C:\Users\Samuel\AppData\Local\Programs\MiKTeX\tex/latex/hycolor\hycolor.sty
Package: hycolor 2020-01-27 v1.10 Color options for hyperref/bookmark (HO)
)
(C:\Users\Samuel\AppData\Local\Programs\MiKTeX\tex/latex/hyperref\nameref.sty
Package: nameref 2025-06-21 v2.57 Cross-referencing by name of section

(C:\Users\Samuel\AppData\Local\Programs\MiKTeX\tex/latex/refcount\refcount.sty
Package: refcount 2019/12/15 v3.6 Data extraction from label references (HO)
)
(C:\Users\Samuel\AppData\Local\Programs\MiKTeX\tex/generic/gettitlestring\getti
tlestring.sty
Package: gettitlestring 2019/12/15 v1.6 Cleanup title references (HO)

(C:\Users\Samuel\AppData\Local\Programs\MiKTeX\tex/latex/kvoptions\kvoptions.st
y
Package: kvoptions 2022-06-15 v3.15 Key value format for package options (HO)
))
\c@section@level=\count307
)
(C:\Users\Samuel\AppData\Local\Programs\MiKTeX\tex/generic/stringenc\stringenc.
sty
Package: stringenc 2019/11/29 v1.12 Convert strings between diff. encodings (HO
)
)
\@linkdim=\dimen163
\Hy@linkcounter=\count308
\Hy@pagecounter=\count309

(C:\Users\Samuel\AppData\Local\Programs\MiKTeX\tex/latex/hyperref\pd1enc.def
File: pd1enc.def 2025-07-12 v7.01o Hyperref: PDFDocEncoding definition (HO)
)
(C:\Users\Samuel\AppData\Local\Programs\MiKTeX\tex/generic/intcalc\intcalc.sty
Package: intcalc 2019/12/15 v1.3 Expandable calculations with integers (HO)
)
\Hy@SavedSpaceFactor=\count310
(C:\Users\Samuel\AppData\Local\Programs\MiKTeX\tex/latex/hyperref\puenc.def
File: puenc.def 2025-07-12 v7.01o Hyperref: PDF Unicode definition (HO)
)
Package hyperref Info: Hyper figures OFF on input line 4195.
Package hyperref Info: Link nesting OFF on input line 4200.
Package hyperref Info: Hyper index ON on input line 4203.
Package hyperref Info: Plain pages OFF on input line 4210.
Package hyperref Info: Backreferencing OFF on input line 4215.
Package hyperref Info: Implicit mode ON; LaTeX internals redefined.
Package hyperref Info: Bookmarks ON on input line 4462.
\c@Hy@tempcnt=\count311

(C:\Users\Samuel\AppData\Local\Programs\MiKTeX\tex/latex/url\url.sty
\Urlmuskip=\muskip17
Package: url 2013/09/16  ver 3.4  Verb mode for urls, etc.
)
LaTeX Info: Redefining \url on input line 4801.
\XeTeXLinkMargin=\dimen164

(C:\Users\Samuel\AppData\Local\Programs\MiKTeX\tex/generic/bitset\bitset.sty
Package: bitset 2019/12/09 v1.3 Handle bit-vector datatype (HO)

(C:\Users\Samuel\AppData\Local\Programs\MiKTeX\tex/generic/bigintcalc\bigintcal
c.sty
Package: bigintcalc 2019/12/15 v1.5 Expandable calculations on big integers (HO
)
))
\Fld@menulength=\count312
\Field@Width=\dimen165
\Fld@charsize=\dimen166
Package hyperref Info: Hyper figures OFF on input line 6078.
Package hyperref Info: Link nesting OFF on input line 6083.
Package hyperref Info: Hyper index ON on input line 6086.
Package hyperref Info: backreferencing OFF on input line 6093.
Package hyperref Info: Link coloring OFF on input line 6098.
Package hyperref Info: Link coloring with OCG OFF on input line 6103.
Package hyperref Info: PDF/A mode OFF on input line 6108.
\Hy@abspage=\count313
\c@Item=\count314
\c@Hfootnote=\count315
)
Package hyperref Info: Driver (autodetected): hxetex.

(C:\Users\Samuel\AppData\Local\Programs\MiKTeX\tex/latex/hyperref\hxetex.def
File: hxetex.def 2025-07-12 v7.01o Hyperref driver for XeTeX
\pdfm@box=\box53
\c@Hy@AnnotLevel=\count316
\HyField@AnnotCount=\count317
\Fld@listcount=\count318
\c@bookmark@seq@number=\count319

(C:\Users\Samuel\AppData\Local\Programs\MiKTeX\tex/latex/rerunfilecheck\rerunfi
lecheck.sty
Package: rerunfilecheck 2025-06-21 v1.11 Rerun checks for auxiliary files (HO)

(C:\Users\Samuel\AppData\Local\Programs\MiKTeX\tex/generic/uniquecounter\unique
counter.sty
Package: uniquecounter 2019/12/15 v1.4 Provide unlimited unique counter (HO)
)
Package uniquecounter Info: New unique counter `rerunfilecheck' on input line 2
84.
)
\Hy@SectionHShift=\skip51
)
(C:\Users\Samuel\AppData\Local\Programs\MiKTeX\tex/latex/tocloft\tocloft.sty
Package: tocloft 2017/08/31 v2.3i parameterised ToC, etc., typesetting
Package tocloft Info: The document has chapter divisions on input line 51.
\cftparskip=\skip52
\cftbeforetoctitleskip=\skip53
\cftaftertoctitleskip=\skip54
\cftbeforepartskip=\skip55
\cftpartnumwidth=\skip56
\cftpartindent=\skip57
\cftbeforechapskip=\skip58
\cftchapindent=\skip59
\cftchapnumwidth=\skip60
\cftbeforesecskip=\skip61
\cftsecindent=\skip62
\cftsecnumwidth=\skip63
\cftbeforesubsecskip=\skip64
\cftsubsecindent=\skip65
\cftsubsecnumwidth=\skip66
\cftbeforesubsubsecskip=\skip67
\cftsubsubsecindent=\skip68
\cftsubsubsecnumwidth=\skip69
\cftbeforeparaskip=\skip70
\cftparaindent=\skip71
\cftparanumwidth=\skip72
\cftbeforesubparaskip=\skip73
\cftsubparaindent=\skip74
\cftsubparanumwidth=\skip75
\cftbeforeloftitleskip=\skip76
\cftafterloftitleskip=\skip77
\cftbeforefigskip=\skip78
\cftfigindent=\skip79
\cftfignumwidth=\skip80
\c@lofdepth=\count320
\c@lotdepth=\count321
\cftbeforelottitleskip=\skip81
\cftafterlottitleskip=\skip82
\cftbeforetabskip=\skip83
\cfttabindent=\skip84
\cfttabnumwidth=\skip85
)
(C:\Users\Samuel\AppData\Local\Programs\MiKTeX\tex/latex/titlesec\titlesec.sty
Package: titlesec 2025/01/04 v2.17 Sectioning titles
\ttl@box=\box54
\beforetitleunit=\skip86
\aftertitleunit=\skip87
\ttl@plus=\dimen167
\ttl@minus=\dimen168
\ttl@toksa=\toks21
\titlewidth=\dimen169
\titlewidthlast=\dimen170
\titlewidthfirst=\dimen171
) (C:\Users\Samuel\AppData\Local\Programs\MiKTeX\tex/latex/lipsum\lipsum.sty
(C:\Users\Samuel\AppData\Local\Programs\MiKTeX\tex/latex/l3packages/l3keys2e\l3
keys2e.sty
Package: l3keys2e 2025-10-09 LaTeX2e option processing using LaTeX3 keys
)
Package: lipsum 2021-09-20 v2.7 150 paragraphs of Lorem Ipsum dummy text
\g__lipsum_par_int=\count322
\l__lipsum_a_int=\count323
\l__lipsum_b_int=\count324

(C:\Users\Samuel\AppData\Local\Programs\MiKTeX\tex/latex/lipsum\lipsum.ltd.tex)
)
(C:\Users\Samuel\AppData\Local\Programs\MiKTeX\tex/latex/floatrow\floatrow.sty
Package: floatrow 2008/08/02 v0.3b floatrow: float package extension
\c@float@type=\count325
\float@exts=\toks22
\float@box=\box55
\@floatcapt=\box56
Package floatrow Info: Modified float package code loaded on input line 455.
Package floatrow Info: Modified rotfloat package code loaded on input line 473.

\FR@everyfloat=\toks23
\flrow@foot=\insert252
\FB@wd=\dimen172
\FBo@wd=\dimen173
\FBc@wd=\dimen174
\FBo@ht=\skip88
\FBc@ht=\skip89
\FBf@ht=\skip90
\FBo@max=\skip91
\FBc@max=\skip92
\FBf@max=\skip93
\c@FBl@b=\count326
\floatbox@depth=\count327
\c@FRobj=\count328
\c@FRsobj=\count329
\Xhsize=\skip94
\sXhsize=\skip95
\Zhsize=\skip96
\sZhsize=\skip97
\flrow@rowbox=\box57
\FR@Zunitlength=\dimen175
\c@FBcnt=\count330
\FPOScnt=\count331
\LTleft=\skip98
\LTright=\skip99
\LTleft=\skip100
\LTright=\skip101
\flrow@types=\toks24
) (C:\Users\Samuel\AppData\Local\Programs\MiKTeX\tex/latex/listings\listings.st
y
\lst@mode=\count332
\lst@gtempboxa=\box58
\lst@token=\toks25
\lst@length=\count333
\lst@currlwidth=\dimen176
\lst@column=\count334
\lst@pos=\count335
\lst@lostspace=\dimen177
\lst@width=\dimen178
\lst@newlines=\count336
\lst@lineno=\count337
\lst@maxwidth=\dimen179
(C:\Users\Samuel\AppData\Local\Programs\MiKTeX\tex/latex/listings\lstpatch.sty
File: lstpatch.sty 2024/09/23 1.10c (Carsten Heinz)
) (C:\Users\Samuel\AppData\Local\Programs\MiKTeX\tex/latex/listings\lstmisc.sty
File: lstmisc.sty 2024/09/23 1.10c (Carsten Heinz)
\c@lstnumber=\count338
\lst@skipnumbers=\count339
\lst@framebox=\box59
) (C:\Users\Samuel\AppData\Local\Programs\MiKTeX\tex/latex/listings\listings.cf
g
File: listings.cfg 2024/09/23 1.10c listings configuration
))
Package: listings 2024/09/23 1.10c (Carsten Heinz)
 (C:\Users\Samuel\AppData\Local\Programs\MiKTeX\tex/latex/amsmath\amsmath.sty
Package: amsmath 2025/06/16 v2.17y AMS math features
\@mathmargin=\skip102
For additional information on amsmath, use the `?' option.
(C:\Users\Samuel\AppData\Local\Programs\MiKTeX\tex/latex/amsmath\amstext.sty
Package: amstext 2024/11/17 v2.01 AMS text

(C:\Users\Samuel\AppData\Local\Programs\MiKTeX\tex/latex/amsmath\amsgen.sty
File: amsgen.sty 1999/11/30 v2.0 generic functions
\@emptytoks=\toks26
\ex@=\dimen180
))
(C:\Users\Samuel\AppData\Local\Programs\MiKTeX\tex/latex/amsmath\amsbsy.sty
Package: amsbsy 1999/11/29 v1.2d Bold Symbols
\pmbraise@=\dimen181
)
(C:\Users\Samuel\AppData\Local\Programs\MiKTeX\tex/latex/amsmath\amsopn.sty
Package: amsopn 2022/04/08 v2.04 operator names
)
\inf@bad=\count340
LaTeX Info: Redefining \frac on input line 233.
\uproot@=\count341
\leftroot@=\count342
LaTeX Info: Redefining \overline on input line 398.
LaTeX Info: Redefining \colon on input line 409.
\classnum@=\count343
\DOTSCASE@=\count344
LaTeX Info: Redefining \ldots on input line 495.
LaTeX Info: Redefining \dots on input line 498.
LaTeX Info: Redefining \cdots on input line 619.
\Mathstrutbox@=\box60
\strutbox@=\box61
LaTeX Info: Redefining \big on input line 721.
LaTeX Info: Redefining \Big on input line 722.
LaTeX Info: Redefining \bigg on input line 723.
LaTeX Info: Redefining \Bigg on input line 724.
\big@size=\dimen182
LaTeX Font Info:    Redeclaring font encoding OML on input line 742.
LaTeX Font Info:    Redeclaring font encoding OMS on input line 743.
\macc@depth=\count345
LaTeX Info: Redefining \bmod on input line 904.
LaTeX Info: Redefining \pmod on input line 909.
LaTeX Info: Redefining \smash on input line 939.
LaTeX Info: Redefining \relbar on input line 969.
LaTeX Info: Redefining \Relbar on input line 970.
\c@MaxMatrixCols=\count346
\dotsspace@=\muskip18
\c@parentequation=\count347
\dspbrk@lvl=\count348
\tag@help=\toks27
\row@=\count349
\column@=\count350
\maxfields@=\count351
\andhelp@=\toks28
\eqnshift@=\dimen183
\alignsep@=\dimen184
\tagshift@=\dimen185
\tagwidth@=\dimen186
\totwidth@=\dimen187
\lineht@=\dimen188
\@envbody=\toks29
\multlinegap=\skip103
\multlinetaggap=\skip104
\mathdisplay@stack=\toks30
LaTeX Info: Redefining \[ on input line 2949.
LaTeX Info: Redefining \] on input line 2950.
)
(C:\Users\Samuel\AppData\Local\Programs\MiKTeX\tex/latex/amsfonts\amssymb.sty
Package: amssymb 2013/01/14 v3.01 AMS font symbols

(C:\Users\Samuel\AppData\Local\Programs\MiKTeX\tex/latex/amsfonts\amsfonts.sty
Package: amsfonts 2013/01/14 v3.01 Basic AMSFonts support
\symAMSa=\mathgroup4
\symAMSb=\mathgroup5
LaTeX Font Info:    Redeclaring math symbol \hbar on input line 98.
LaTeX Font Info:    Overwriting math alphabet `\mathfrak' in version `bold'
(Font)                  U/euf/m/n --> U/euf/b/n on input line 106.
))
(C:\Users\Samuel\AppData\Local\Programs\MiKTeX\tex/latex/enumitem\enumitem.sty
Package: enumitem 2025/02/06 v3.11 Customized lists
\labelindent=\skip105
\enit@outerparindent=\dimen189
\enit@toks=\toks31
\enit@inbox=\box62
\enit@count@id=\count352
\enitdp@description=\count353
) (C:\Users\Samuel\AppData\Local\Programs\MiKTeX\tex/latex/parskip\parskip.sty
Package: parskip 2021-03-14 v2.0h non-zero parskip adjustments
)
(C:\Users\Samuel\AppData\Local\Programs\MiKTeX\tex/latex/tools\longtable.sty
Package: longtable 2024-12-18 v4.23 Multi-page Table package (DPC)
\LTleft=\skip106
\LTright=\skip107
\LTpre=\skip108
\LTpost=\skip109
\LTchunksize=\count354
\LTcapwidth=\dimen190
\LT@head=\box63
\LT@firsthead=\box64
\LT@foot=\box65
\LT@lastfoot=\box66
\LT@gbox=\box67
\LT@cols=\count355
\LT@rows=\count356
\c@LT@tables=\count357
\c@LT@chunks=\count358
\LT@p@ftn=\toks32
)
(C:\Users\Samuel\AppData\Local\Programs\MiKTeX\tex/latex/booktabs\booktabs.sty
Package: booktabs 2020/01/12 v1.61803398 Publication quality tables
\heavyrulewidth=\dimen191
\lightrulewidth=\dimen192
\cmidrulewidth=\dimen193
\belowrulesep=\dimen194
\belowbottomsep=\dimen195
\aboverulesep=\dimen196
\abovetopsep=\dimen197
\cmidrulesep=\dimen198
\cmidrulekern=\dimen199
\defaultaddspace=\dimen256
\@cmidla=\count359
\@cmidlb=\count360
\@aboverulesep=\dimen257
\@belowrulesep=\dimen258
\@thisruleclass=\count361
\@lastruleclass=\count362
\@thisrulewidth=\dimen259
)
(C:\Users\Samuel\AppData\Local\Programs\MiKTeX\tex/latex/datetime2\datetime2.st
y
Package: datetime2 2021/03/21 v1.5.7 (NLCT) date and time formats

(C:\Users\Samuel\AppData\Local\Programs\MiKTeX\tex/latex/tracklang\tracklang.st
y
Package: tracklang 2025/03/11 v1.6.6 (NLCT) Track Languages

(C:\Users\Samuel\AppData\Local\Programs\MiKTeX\tex/generic/tracklang\tracklang.
tex)
Package tracklang Info: Tracking dialect `indonesian' (language `bahasai') on i
nput line 264.
Package tracklang Info: Tracking dialect `indonesian' (language `bahasai') on i
nput line 264.
)
(C:\Users\Samuel\AppData\Local\Programs\MiKTeX\tex/latex/xkeyval\xkeyval.sty
Package: xkeyval 2022/06/16 v2.9 package option processing (HA)

(C:\Users\Samuel\AppData\Local\Programs\MiKTeX\tex/generic/xkeyval\xkeyval.tex
(C:\Users\Samuel\AppData\Local\Programs\MiKTeX\tex/generic/xkeyval\xkvutils.tex
\XKV@toks=\toks33
\XKV@tempa@toks=\toks34
)
\XKV@depth=\count363
File: xkeyval.tex 2014/12/03 v2.7a key=value parser (HA)
))
Package tracklang Info: Tracking dialect `bahasai' (language `bahasai') on inpu
t line 217.

(C:\Users\Samuel\AppData\Local\Programs\MiKTeX\tex/latex/datetime2-bahasai\date
time2-bahasai.ldf
File: datetime2-bahasai.ldf 2018/01/10 v1.01
))
(C:\Users\Samuel\AppData\Local\Programs\MiKTeX\tex/latex/geometry\geometry.sty
Package: geometry 2020/01/02 v5.9 Page Geometry

(C:\Users\Samuel\AppData\Local\Programs\MiKTeX\tex/generic/iftex\ifvtex.sty
Package: ifvtex 2019/10/25 v1.7 ifvtex legacy package. Use iftex instead.
)
\Gm@cnth=\count364
\Gm@cntv=\count365
\c@Gm@tempcnt=\count366
\Gm@bindingoffset=\dimen260
\Gm@wd@mp=\dimen261
\Gm@odd@mp=\dimen262
\Gm@even@mp=\dimen263
\Gm@layoutwidth=\dimen264
\Gm@layoutheight=\dimen265
\Gm@layouthoffset=\dimen266
\Gm@layoutvoffset=\dimen267
\Gm@dimlist=\toks35

(C:\Users\Samuel\AppData\Local\Programs\MiKTeX\tex/latex/geometry\geometry.cfg)
)
(C:\Users\Samuel\AppData\Local\Programs\MiKTeX\tex/latex/algorithms\algorithm.s
ty
Invalid UTF-8 byte or sequence at line 11 replaced by U+FFFD.
Package: algorithm 2009/08/24 v0.1 Document Style `algorithm' - floating enviro
nment
 (C:\Users\Samuel\AppData\Local\Programs\MiKTeX\tex/latex/base\ifthen.sty
Package: ifthen 2024/03/16 v1.1e Standard LaTeX ifthen package (DPC)
)
\c@algorithm=\count367
)
(C:\Users\Samuel\AppData\Local\Programs\MiKTeX\tex/latex/algorithmicx\algorithm
icx.sty
Package: algorithmicx 2005/04/27 v1.2 Algorithmicx

Document Style algorithmicx 1.2 - a greatly improved `algorithmic' style
\c@ALG@line=\count368
\c@ALG@rem=\count369
\c@ALG@nested=\count370
\ALG@tlm=\skip110
\ALG@thistlm=\skip111
\c@ALG@Lnr=\count371
\c@ALG@blocknr=\count372
\c@ALG@storecount=\count373
\c@ALG@tmpcounter=\count374
\ALG@tmplength=\skip112
)
(C:\Users\Samuel\AppData\Local\Programs\MiKTeX\tex/latex/algorithmicx\algpseudo
code.sty
Package: algpseudocode 

Document Style - pseudocode environments for use with the `algorithmicx' style
)
(C:\Users\Samuel\AppData\Local\Programs\MiKTeX\tex/latex/microtype\microtype.st
y
Package: microtype 2025/07/09 v3.2b Micro-typographical refinements (RS)
\MT@toks=\toks36
\MT@tempbox=\box68
\MT@count=\count375
LaTeX Info: Redefining \noprotrusionifhmode on input line 1087.
LaTeX Info: Redefining \leftprotrusion on input line 1088.
\MT@prot@toks=\toks37
LaTeX Info: Redefining \rightprotrusion on input line 1107.
LaTeX Info: Redefining \textls on input line 1449.
\MT@outer@kern=\dimen268
LaTeX Info: Redefining \microtypecontext on input line 2053.
LaTeX Info: Redefining \textmicrotypecontext on input line 2070.
\MT@listname@count=\count376

(C:\Users\Samuel\AppData\Local\Programs\MiKTeX\tex/latex/microtype\microtype-xe
tex.def
File: microtype-xetex.def 2025/07/09 v3.2b Definitions specific to xetex (RS)
LaTeX Info: Redefining \lsstyle on input line 443.
LaTeX Info: Redefining \lslig on input line 451.
\MT@outer@space=\skip113
)
Package microtype Info: Loading configuration file microtype.cfg.

(C:\Users\Samuel\AppData\Local\Programs\MiKTeX\tex/latex/microtype\microtype.cf
g
File: microtype.cfg 2025/07/09 v3.2b microtype main configuration file (RS)
)
LaTeX Info: Redefining \microtypesetup on input line 3065.
) (C:\Users\Samuel\AppData\Local\Programs\MiKTeX\tex/latex/tools\array.sty
Package: array 2025/06/08 v2.6j Tabular extension package (FMi)
\col@sep=\dimen269
\ar@mcellbox=\box69
\extrarowheight=\dimen270
\NC@list=\toks38
\extratabsurround=\skip114
\backup@length=\skip115
\ar@cellbox=\box70
)
(C:\Users\Samuel\AppData\Local\Programs\MiKTeX\tex/latex/threeparttable\threepa
rttable.sty
Package: threeparttable 2003/06/13  v 3.0
\@tempboxb=\box71
)
(C:\Users\Samuel\AppData\Local\Programs\MiKTeX\tex/latex/tools\tabularx.sty
Package: tabularx 2023/12/11 v2.12a `tabularx' package (DPC)
\TX@col@width=\dimen271
\TX@old@table=\dimen272
\TX@old@col=\dimen273
\TX@target=\dimen274
\TX@delta=\dimen275
\TX@cols=\count377
\TX@ftn=\toks39
)
(C:\Users\Samuel\AppData\Local\Programs\MiKTeX\tex/latex/xcolor\xcolor.sty
Package: xcolor 2024/09/29 v3.02 LaTeX color extensions (UK)

(C:\Users\Samuel\AppData\Local\Programs\MiKTeX\tex/latex/graphics-cfg\color.cfg
File: color.cfg 2016/01/02 v1.6 sample color configuration
)
Package xcolor Info: Driver file: xetex.def on input line 274.

(C:\Users\Samuel\AppData\Local\Programs\MiKTeX\tex/latex/graphics\mathcolor.ltx
)
Package xcolor Info: Model `cmy' substituted by `cmy0' on input line 1349.
Package xcolor Info: Model `RGB' extended on input line 1365.
Package xcolor Info: Model `HTML' substituted by `rgb' on input line 1367.
Package xcolor Info: Model `Hsb' substituted by `hsb' on input line 1368.
Package xcolor Info: Model `tHsb' substituted by `hsb' on input line 1369.
Package xcolor Info: Model `HSB' substituted by `hsb' on input line 1370.
Package xcolor Info: Model `Gray' substituted by `gray' on input line 1371.
Package xcolor Info: Model `wave' substituted by `hsb' on input line 1372.
)
(C:\Users\Samuel\AppData\Local\Programs\MiKTeX\tex/latex/appendix\appendix.sty
Package: appendix 2020/02/08 v1.2c extra appendix facilities
\c@@pps=\count378
\c@@ppsavesec=\count379
\c@@ppsaveapp=\count380
) (C:\Users\Samuel\AppData\Local\Programs\MiKTeX\tex/latex/multirow\multirow.st
y
Package: multirow 2024/11/12 v2.9 Span multiple rows of a table
\multirow@colwidth=\skip116
\multirow@cntb=\count381
\multirow@dima=\skip117
\bigstrutjot=\dimen276
)

Package fontspec Info: 
(fontspec)             Font family 'TimesNewRoman(0)' created for font 'Times
(fontspec)             New Roman' with options [Ligatures=TeX].
(fontspec)              
(fontspec)              This font family consists of the following NFSS
(fontspec)             series/shapes:
(fontspec)              
(fontspec)             - 'normal' (m/n) with NFSS spec.: <->"Times New
(fontspec)             Roman/OT:script=latn;language=dflt;mapping=tex-text;"
(fontspec)             - 'small caps'  (m/sc) with NFSS spec.: <->"Times New
(fontspec)             Roman/OT:script=latn;language=dflt;+smcp;mapping=tex-tex
t;"
(fontspec)             - 'bold' (b/n) with NFSS spec.: <->"Times New
(fontspec)             Roman/B/OT:script=latn;language=dflt;mapping=tex-text;"
(fontspec)             - 'bold small caps'  (b/sc) with NFSS spec.: <->"Times
(fontspec)             New
(fontspec)             Roman/B/OT:script=latn;language=dflt;+smcp;mapping=tex-t
ext;"
(fontspec)             - 'italic' (m/it) with NFSS spec.: <->"Times New
(fontspec)             Roman/I/OT:script=latn;language=dflt;mapping=tex-text;"
(fontspec)             - 'italic small caps'  (m/scit) with NFSS spec.:
(fontspec)             <->"Times New
(fontspec)             Roman/I/OT:script=latn;language=dflt;+smcp;mapping=tex-t
ext;"
(fontspec)             - 'bold italic' (b/it) with NFSS spec.: <->"Times New
(fontspec)             Roman/BI/OT:script=latn;language=dflt;mapping=tex-text;"

(fontspec)             - 'bold italic small caps'  (b/scit) with NFSS spec.:
(fontspec)             <->"Times New
(fontspec)             Roman/BI/OT:script=latn;language=dflt;+smcp;mapping=tex-
text;"


(C:\Users\Samuel\AppData\Local\Programs\MiKTeX\tex/latex/biblatex-chicago\bibla
tex-chicago.sty
Package: biblatex-chicago 2022/07/02 v 3.18 biblatex style

(C:\Users\Samuel\AppData\Local\Programs\MiKTeX\tex/latex/xstring\xstring.sty
(C:\Users\Samuel\AppData\Local\Programs\MiKTeX\tex/generic/xstring\xstring.tex
\xs_counta=\count382
\xs_countb=\count383
)
Package: xstring 2023/08/22 v1.86 String manipulations (CT)
)
(C:\Users\Samuel\AppData\Local\Programs\MiKTeX\tex/latex/biblatex\biblatex.sty
Package: biblatex 2025/07/10 v3.21 programmable bibliographies (PK/MW)

(C:\Users\Samuel\AppData\Local\Programs\MiKTeX\tex/latex/logreq\logreq.sty
Package: logreq 2010/08/04 v1.0 xml request logger
\lrq@indent=\count384

(C:\Users\Samuel\AppData\Local\Programs\MiKTeX\tex/latex/logreq\logreq.def
File: logreq.def 2010/08/04 v1.0 logreq spec v1.0
))
\c@tabx@nest=\count385
\c@listtotal=\count386
\c@listcount=\count387
\c@liststart=\count388
\c@liststop=\count389
\c@citecount=\count390
\c@citetotal=\count391
\c@multicitecount=\count392
\c@multicitetotal=\count393
\c@instcount=\count394
\c@maxnames=\count395
\c@minnames=\count396
\c@maxitems=\count397
\c@minitems=\count398
\c@citecounter=\count399
\c@maxcitecounter=\count400
\c@savedcitecounter=\count401
\c@uniquelist=\count402
\c@uniquename=\count403
\c@refsection=\count404
\c@refsegment=\count405
\c@maxextratitle=\count406
\c@maxextratitleyear=\count407
\c@maxextraname=\count408
\c@maxextradate=\count409
\c@maxextraalpha=\count410
\c@abbrvpenalty=\count411
\c@highnamepenalty=\count412
\c@lownamepenalty=\count413
\c@maxparens=\count414
\c@parenlevel=\count415
\blx@tempcnta=\count416
\blx@tempcntb=\count417
\blx@tempcntc=\count418
\c@blx@maxsection=\count419
\blx@maxsegment@0=\count420
\blx@notetype=\count421
\blx@parenlevel@text=\count422
\blx@parenlevel@foot=\count423
\blx@sectionciteorder@0=\count424
\blx@sectionciteorderinternal@0=\count425
\blx@entrysetcounter=\count426
\blx@biblioinstance=\count427
\labelnumberwidth=\skip118
\labelalphawidth=\skip119
\biblabelsep=\skip120
\bibitemsep=\skip121
\bibnamesep=\skip122
\bibinitsep=\skip123
\bibparsep=\skip124
\bibhang=\skip125
\blx@bcfin=\read3
\blx@bcfout=\write3
\blx@langwohyphens=\language80
\c@mincomprange=\count428
\c@maxcomprange=\count429
\c@mincompwidth=\count430
Package biblatex Info: Trying to load biblatex default data model...
Package biblatex Info: ... file 'blx-dm.def' found.

(C:\Users\Samuel\AppData\Local\Programs\MiKTeX\tex/latex/biblatex\blx-dm.def
File: blx-dm.def 2025/07/10 v3.21 biblatex datamodel (PK/MW)
)
Package biblatex Info: Trying to load biblatex style data model...
Package biblatex Info: ... file 'chicago-authordate.dbx' not found.
Package biblatex Info: Trying to load biblatex custom data model...
Package biblatex Info: ... file 'biblatex-dm.cfg' not found.
\c@afterword=\count431
\c@savedafterword=\count432
\c@annotator=\count433
\c@savedannotator=\count434
\c@author=\count435
\c@savedauthor=\count436
\c@bookauthor=\count437
\c@savedbookauthor=\count438
\c@commentator=\count439
\c@savedcommentator=\count440
\c@editor=\count441
\c@savededitor=\count442
\c@editora=\count443
\c@savededitora=\count444
\c@editorb=\count445
\c@savededitorb=\count446
\c@editorc=\count447
\c@savededitorc=\count448
\c@foreword=\count449
\c@savedforeword=\count450
\c@holder=\count451
\c@savedholder=\count452
\c@introduction=\count453
\c@savedintroduction=\count454
\c@namea=\count455
\c@savednamea=\count456
\c@nameb=\count457
\c@savednameb=\count458
\c@namec=\count459
\c@savednamec=\count460
\c@translator=\count461
\c@savedtranslator=\count462
\c@shortauthor=\count463
\c@savedshortauthor=\count464
\c@shorteditor=\count465
\c@savedshorteditor=\count466
\c@labelname=\count467
\c@savedlabelname=\count468
\c@institution=\count469
\c@savedinstitution=\count470
\c@lista=\count471
\c@savedlista=\count472
\c@listb=\count473
\c@savedlistb=\count474
\c@listc=\count475
\c@savedlistc=\count476
\c@listd=\count477
\c@savedlistd=\count478
\c@liste=\count479
\c@savedliste=\count480
\c@listf=\count481
\c@savedlistf=\count482
\c@location=\count483
\c@savedlocation=\count484
\c@organization=\count485
\c@savedorganization=\count486
\c@origlocation=\count487
\c@savedoriglocation=\count488
\c@origpublisher=\count489
\c@savedorigpublisher=\count490
\c@publisher=\count491
\c@savedpublisher=\count492
\c@language=\count493
\c@savedlanguage=\count494
\c@origlanguage=\count495
\c@savedoriglanguage=\count496
\c@pageref=\count497
\c@savedpageref=\count498
\shorthandwidth=\skip126
\shortjournalwidth=\skip127
\shortserieswidth=\skip128
\shorttitlewidth=\skip129
\shortauthorwidth=\skip130
\shorteditorwidth=\skip131
\locallabelnumberwidth=\skip132
\locallabelalphawidth=\skip133
\localshorthandwidth=\skip134
\localshortjournalwidth=\skip135
\localshortserieswidth=\skip136
\localshorttitlewidth=\skip137
\localshortauthorwidth=\skip138
\localshorteditorwidth=\skip139
Package biblatex Info: Trying to load enhanced support for Unicode engines...
Package biblatex Info: ... file 'blx-unicode.def' found.

(C:\Users\Samuel\AppData\Local\Programs\MiKTeX\tex/latex/biblatex\blx-unicode.d
ef)
Package biblatex Info: Trying to load compatibility code...
Package biblatex Info: ... file 'blx-compat.def' found.

(C:\Users\Samuel\AppData\Local\Programs\MiKTeX\tex/latex/biblatex\blx-compat.de
f
File: blx-compat.def 2025/07/10 v3.21 biblatex compatibility (PK/MW)
)
Package biblatex Info: Trying to load generic definitions...
Package biblatex Info: ... file 'biblatex.def' found.

(C:\Users\Samuel\AppData\Local\Programs\MiKTeX\tex/latex/biblatex\biblatex.def
File: biblatex.def 2025/07/10 v3.21 biblatex compatibility (PK/MW)
\c@textcitecount=\count499
\c@textcitetotal=\count500
\c@textcitemaxnames=\count501
\c@biburlbigbreakpenalty=\count502
\c@biburlbreakpenalty=\count503
\c@biburlnumpenalty=\count504
\c@biburlucpenalty=\count505
\c@biburllcpenalty=\count506
\biburlbigskip=\muskip19
\biburlnumskip=\muskip20
\biburlucskip=\muskip21
\biburllcskip=\muskip22
\c@smartand=\count507
)
Package biblatex Info: Trying to load bibliography style 'chicago-authordate'..
.
Package biblatex Info: ... file 'chicago-authordate.bbx' found.

(C:\Users\Samuel\AppData\Local\Programs\MiKTeX\tex/latex/biblatex-chicago\chica
go-authordate.bbx
File: chicago-authordate.bbx 2022/11/17 v 3.18b biblatex bibliography style
\lositemsep=\skip140
Package biblatex Info: Delimiter 'revsdnamedelim' in context '' already defined
, overwriting.
\cms@tempcnta=\count508
\cms@tempcntb=\count509
\c@bbx:relatedcount=\count510
\c@bbx:relatedtotal=\count511
)
Package biblatex Info: Trying to load citation style 'chicago-authordate'...
Package biblatex Info: ... file 'chicago-authordate.cbx' found.

(C:\Users\Samuel\AppData\Local\Programs\MiKTeX\tex/latex/biblatex-chicago\chica
go-authordate.cbx
File: chicago-authordate.cbx 2022/07/02 v 3.18 biblatex citation style
Package biblatex Info: Trying to load citation style 'chicago-dates-common'...
Package biblatex Info: ... file 'chicago-dates-common.cbx' found.

(C:\Users\Samuel\AppData\Local\Programs\MiKTeX\tex/latex/biblatex-chicago\chica
go-dates-common.cbx
File: chicago-dates-common.cbx 2024/04/15 v 3.20 biblatex citation style
Package biblatex Info: Redefining '\cite'.
Package biblatex Info: Redefining '\parencite'.
Package biblatex Info: Redefining '\footcite'.
Package biblatex Info: Redefining '\footcitetext'.
Package biblatex Info: Redefining '\citetitle'.
Package biblatex Info: Redefining '\footfullcite'.
Package biblatex Info: Redefining '\fullcite'.
Package biblatex Info: Redefining '\textcite'.
Package biblatex Info: Redefining '\textcites'.
Package biblatex Info: Redefining '\cites'.
Package biblatex Info: Redefining '\parencites'.
Package biblatex Info: Redefining '\footcites'.
Package biblatex Info: Redefining '\footcitetexts'.
\c@cms@punct=\count512
Package biblatex Info: Delimiter 'dateeradelim' in context '' already defined, 
overwriting.
))
Package biblatex Info: Trying to load configuration file...
Package biblatex Info: ... file 'biblatex.cfg' found.

(C:\Users\Samuel\AppData\Local\Programs\MiKTeX\tex/latex/biblatex\biblatex.cfg
File: biblatex.cfg 
)
Package biblatex Info: XeTeX detected.
(biblatex)             Assuming input encoding 'utf8'.
Package biblatex Info: Document encoding is UTF8 ....
Package biblatex Info: ... and expl3
(biblatex)             2025-10-09 L3 programming layer (loader) 
(biblatex)             is new enough (at least 2020/04/06),
(biblatex)             setting 'casechanger=expl3'.

(C:\Users\Samuel\AppData\Local\Programs\MiKTeX\tex/latex/biblatex\blx-case-expl
3.sty
Package: blx-case-expl3 2025/07/10 v3.21 expl3 case changing code for biblatex
)))
Package hyperref Info: Option `colorlinks' set `true' on input line 157.

(C:\Users\Samuel\AppData\Local\Programs\MiKTeX\tex/latex/listings\lstlang1.sty
File: lstlang1.sty 2024/09/23 1.10c listings language file
)
Package csquotes Info: Checking for multilingual support...
Package csquotes Info: ... found 'babel' package.
Package csquotes Info: Adjusting default style.

Package csquotes Warning: No style for language 'indonesian'.
(csquotes)                Using fallback style on input line 318.

Package csquotes Info: Redefining alias 'default' -> 'fallback'.
(TA.aux
(C:\Users\Samuel\AppData\Local\Programs\MiKTeX\tex/generic/babel/locale/en\babe
l-english.tex)
Package babel Info: Importing data for english
(babel)             from babel-en.ini. Reported on input line 64.


LaTeX Warning: Label `fig:wireframe-hasil' multiply defined.


LaTeX Warning: Label `fig:' multiply defined.

)
\openout1 = `TA.aux'.

LaTeX Font Info:    Checking defaults for OML/cmm/m/it on input line 318.
LaTeX Font Info:    ... okay on input line 318.
LaTeX Font Info:    Checking defaults for OMS/cmsy/m/n on input line 318.
LaTeX Font Info:    ... okay on input line 318.
LaTeX Font Info:    Checking defaults for OT1/cmr/m/n on input line 318.
LaTeX Font Info:    ... okay on input line 318.
LaTeX Font Info:    Checking defaults for T1/cmr/m/n on input line 318.
LaTeX Font Info:    ... okay on input line 318.
LaTeX Font Info:    Checking defaults for TS1/cmr/m/n on input line 318.
LaTeX Font Info:    ... okay on input line 318.
LaTeX Font Info:    Checking defaults for TU/lmr/m/n on input line 318.
LaTeX Font Info:    ... okay on input line 318.
LaTeX Font Info:    Checking defaults for OMX/cmex/m/n on input line 318.
LaTeX Font Info:    ... okay on input line 318.
LaTeX Font Info:    Checking defaults for U/cmr/m/n on input line 318.
LaTeX Font Info:    ... okay on input line 318.
LaTeX Font Info:    Checking defaults for PD1/pdf/m/n on input line 318.
LaTeX Font Info:    ... okay on input line 318.
LaTeX Font Info:    Checking defaults for PU/pdf/m/n on input line 318.
LaTeX Font Info:    ... okay on input line 318.

Package fontspec Info: 
(fontspec)             Adjusting the maths setup (use [no-math] to avoid
(fontspec)             this).

\symlegacymaths=\mathgroup6
LaTeX Font Info:    Overwriting symbol font `legacymaths' in version `bold'
(Font)                  OT1/cmr/m/n --> OT1/cmr/bx/n on input line 318.
LaTeX Font Info:    Redeclaring math accent \acute on input line 318.
LaTeX Font Info:    Redeclaring math accent \grave on input line 318.
LaTeX Font Info:    Redeclaring math accent \ddot on input line 318.
LaTeX Font Info:    Redeclaring math accent \tilde on input line 318.
LaTeX Font Info:    Redeclaring math accent \bar on input line 318.
LaTeX Font Info:    Redeclaring math accent \breve on input line 318.
LaTeX Font Info:    Redeclaring math accent \check on input line 318.
LaTeX Font Info:    Redeclaring math accent \hat on input line 318.
LaTeX Font Info:    Redeclaring math accent \dot on input line 318.
LaTeX Font Info:    Redeclaring math accent \mathring on input line 318.
LaTeX Font Info:    Redeclaring math symbol \Gamma on input line 318.
LaTeX Font Info:    Redeclaring math symbol \Delta on input line 318.
LaTeX Font Info:    Redeclaring math symbol \Theta on input line 318.
LaTeX Font Info:    Redeclaring math symbol \Lambda on input line 318.
LaTeX Font Info:    Redeclaring math symbol \Xi on input line 318.
LaTeX Font Info:    Redeclaring math symbol \Pi on input line 318.
LaTeX Font Info:    Redeclaring math symbol \Sigma on input line 318.
LaTeX Font Info:    Redeclaring math symbol \Upsilon on input line 318.
LaTeX Font Info:    Redeclaring math symbol \Phi on input line 318.
LaTeX Font Info:    Redeclaring math symbol \Psi on input line 318.
LaTeX Font Info:    Redeclaring math symbol \Omega on input line 318.
LaTeX Font Info:    Redeclaring math symbol \mathdollar on input line 318.
LaTeX Font Info:    Redeclaring symbol font `operators' on input line 318.
LaTeX Font Info:    Encoding `OT1' has changed to `TU' for symbol font
(Font)              `operators' in the math version `normal' on input line 318.

LaTeX Font Info:    Overwriting symbol font `operators' in version `normal'
(Font)                  OT1/cmr/m/n --> TU/TimesNewRoman(0)/m/n on input line 3
18.
LaTeX Font Info:    Encoding `OT1' has changed to `TU' for symbol font
(Font)              `operators' in the math version `bold' on input line 318.
LaTeX Font Info:    Overwriting symbol font `operators' in version `bold'
(Font)                  OT1/cmr/bx/n --> TU/TimesNewRoman(0)/m/n on input line 
318.
LaTeX Font Info:    Overwriting symbol font `operators' in version `normal'
(Font)                  TU/TimesNewRoman(0)/m/n --> TU/TimesNewRoman(0)/m/n on 
input line 318.
LaTeX Font Info:    Overwriting math alphabet `\mathit' in version `normal'
(Font)                  OT1/cmr/m/it --> TU/TimesNewRoman(0)/m/it on input line
 318.
LaTeX Font Info:    Overwriting math alphabet `\mathbf' in version `normal'
(Font)                  OT1/cmr/bx/n --> TU/TimesNewRoman(0)/b/n on input line 
318.
LaTeX Font Info:    Overwriting math alphabet `\mathsf' in version `normal'
(Font)                  OT1/cmss/m/n --> TU/lmss/m/n on input line 318.
LaTeX Font Info:    Overwriting math alphabet `\mathtt' in version `normal'
(Font)                  OT1/cmtt/m/n --> TU/lmtt/m/n on input line 318.
LaTeX Font Info:    Overwriting symbol font `operators' in version `bold'
(Font)                  TU/TimesNewRoman(0)/m/n --> TU/TimesNewRoman(0)/b/n on 
input line 318.
LaTeX Font Info:    Overwriting math alphabet `\mathit' in version `bold'
(Font)                  OT1/cmr/bx/it --> TU/TimesNewRoman(0)/b/it on input lin
e 318.
LaTeX Font Info:    Overwriting math alphabet `\mathsf' in version `bold'
(Font)                  OT1/cmss/bx/n --> TU/lmss/b/n on input line 318.
LaTeX Font Info:    Overwriting math alphabet `\mathtt' in version `bold'
(Font)                  OT1/cmtt/m/n --> TU/lmtt/b/n on input line 318.
Package caption Info: Begin \AtBeginDocument code.
Package caption Info: float package is loaded.
Package caption Info: floatrow package is loaded.
Package caption Info: floatrow package is loaded.
Package caption Info: hyperref package is loaded.
Package caption Info: listings package is loaded.
Package caption Info: longtable package is loaded.

(C:\Users\Samuel\AppData\Local\Programs\MiKTeX\tex/latex/caption\ltcaption.sty
Package: ltcaption 2021/01/08 v1.4c longtable captions (AR)
)
Package caption Info: Fixing longtable code of `floatrow' package.
Package caption Info: threeparttable package is loaded.
Package caption Info: End \AtBeginDocument code.
Package hyperref Info: Link coloring ON on input line 318.
(TA.out) (TA.out)
\@outlinefile=\write4
\openout4 = `TA.out'.


(C:\Users\Samuel\AppData\Local\Programs\MiKTeX\tex/latex/floatrow\fr-longtable.
sty
Package: fr-longtable 2007/11/28 v0.1b (beta) floatrow: additions for longtable

\flrow@LT@lasthead=\box72
\flrow@LT@prelastfoot=\box73
\c@FBLTpage=\count513
)
\c@lstlisting=\count514

*geometry* driver: auto-detecting
*geometry* detected driver: xetex
*geometry* verbose mode - [ preamble ] result:
* driver: xetex
* paper: a4paper
* layout: <same size as paper>
* layoutoffset:(h,v)=(0.0pt,0.0pt)
* modes: twoside 
* h-part:(L,W,R)=(113.81102pt, 398.3386pt, 85.35826pt)
* v-part:(T,H,B)=(85.35826pt, 674.33032pt, 85.35826pt)
* \paperwidth=597.50787pt
* \paperheight=845.04684pt
* \textwidth=398.3386pt
* \textheight=674.33032pt
* \oddsidemargin=41.54103pt
* \evensidemargin=13.08827pt
* \topmargin=-18.78552pt
* \headheight=12.0pt
* \headsep=19.8738pt
* \topskip=12.0pt
* \footskip=30.0pt
* \marginparwidth=88.0pt
* \marginparsep=7.0pt
* \columnsep=10.0pt
* \skip\footins=10.8pt plus 4.0pt minus 2.0pt
* \hoffset=0.0pt
* \voffset=0.0pt
* \mag=1000
* \@twocolumnfalse
* \@twosidetrue
* \@mparswitchtrue
* \@reversemarginfalse
* (1in=72.27pt=25.4mm, 1cm=28.453pt)

LaTeX Info: Redefining \microtypecontext on input line 318.
Package microtype Info: Applying patch `item' on input line 318.
Package microtype Info: Applying patch `toc' on input line 318.
Package microtype Info: Applying patch `eqnum' on input line 318.
Package microtype Info: Applying patch `footnote' on input line 318.
Package microtype Info: Applying patch `verbatim' on input line 318.
LaTeX Info: Redefining \microtypesetup on input line 318.
Package microtype Info: Character protrusion enabled (level 2).
Package microtype Info: Using default protrusion set `alltext'.
Package microtype Info: No adjustment of tracking.
Package microtype Info: No adjustment of spacing.
Package microtype Info: No adjustment of kerning.
Package microtype Info: Loading generic protrusion settings for font family
(microtype)             `TimesNewRoman' (encoding: TU).
(microtype)             For optimal results, create family-specific settings.
(microtype)             See the microtype manual for details.
Package biblatex Info: Trying to load language 'indonesian'...
Package biblatex Info: ... file 'indonesian.lbx' not found.

Package biblatex Warning: Language 'indonesian' not supported.
(biblatex)                Using dummy definitions on input line 318.

Package biblatex Info: Trying to load language 'english'...
Package biblatex Info: ... file 'english.lbx' found.

(C:\Users\Samuel\AppData\Local\Programs\MiKTeX\tex/latex/biblatex/lbx\english.l
bx
File: english.lbx 2025/07/10 v3.21 biblatex localization (PK/MW)
)
Package biblatex Info: XeTeX detected.
(biblatex)             Assuming input encoding 'utf8'.
Package biblatex Info: Automatic encoding selection.
(biblatex)             Assuming data encoding 'utf8'.
\openout3 = `TA.bcf'.

Package biblatex Info: Trying to load bibliographic data...
Package biblatex Info: ... file 'TA.bbl' found.
 (TA.bbl)
Package biblatex Info: Reference section=0 on input line 318.
Package biblatex Info: Reference segment=0 on input line 318.
 (1 Halaman Judul.tex
File: images/ganesha.jpg Graphic file (type bmp)
<images/ganesha.jpg>


Package datetime2 Warning: Region `bahasai' has ignored 
(datetime2)                the following settings:
(datetime2)                showmonthname=true
 on input line 39.



[1



]) (2 Lembar Pengesahan.tex

[2

]) (3 Lembar Pernyataan.tex
Underfull \vbox (badness 10000) has occurred while \output is active []



[3]

[4

]
Underfull \hbox (badness 10000) in paragraph at lines 10--14

 []

LaTeX Font Info:    Trying to load font information for U+msa on input line 15.

(C:\Users\Samuel\AppData\Local\Programs\MiKTeX\tex/latex/amsfonts\umsa.fd
File: umsa.fd 2013/01/14 v3.01 AMS symbols A
)
(C:\Users\Samuel\AppData\Local\Programs\MiKTeX\tex/latex/microtype\mt-msa.cfg
File: mt-msa.cfg 2006/02/04 v1.1 microtype config. file: AMS symbols (a) (RS)
)
LaTeX Font Info:    Trying to load font information for U+msb on input line 15.


(C:\Users\Samuel\AppData\Local\Programs\MiKTeX\tex/latex/amsfonts\umsb.fd
File: umsb.fd 2013/01/14 v3.01 AMS symbols B
)
(C:\Users\Samuel\AppData\Local\Programs\MiKTeX\tex/latex/microtype\mt-msb.cfg
File: mt-msb.cfg 2005/06/01 v1.0 microtype config. file: AMS symbols (b) (RS)
)
(C:\Users\Samuel\AppData\Local\Programs\MiKTeX\tex/latex/microtype\mt-cmr.cfg
File: mt-cmr.cfg 2013/05/19 v2.2 microtype config. file: Computer Modern Roman 
(RS)
)) (4 Abstrak.tex

[5]

[6

]) (5 Kata Pengantar.tex

[7]

[8

]

[9])

[10]

Package geometry Warning: `a4paper': not available in `\newgeometry'; skipped.

*geometry* verbose mode - [ newgeometry ] result:
* driver: xetex
* paper: a4paper
* layout: <same size as paper>
* layoutoffset:(h,v)=(0.0pt,0.0pt)
* modes: twoside 
* h-part:(L,W,R)=(113.81102pt, 398.3386pt, 85.35826pt)
* v-part:(T,H,B)=(85.35826pt, 674.33032pt, 85.35826pt)
* \paperwidth=597.50787pt
* \paperheight=845.04684pt
* \textwidth=398.3386pt
* \textheight=674.33032pt
* \oddsidemargin=41.54103pt
* \evensidemargin=13.08827pt
* \topmargin=-18.78552pt
* \headheight=12.0pt
* \headsep=19.8738pt
* \topskip=12.0pt
* \footskip=30.0pt
* \marginparwidth=88.0pt
* \marginparsep=7.0pt
* \columnsep=10.0pt
* \skip\footins=10.8pt plus 4.0pt minus 2.0pt
* \hoffset=0.0pt
* \voffset=0.0pt
* \mag=1000
* \@twocolumnfalse
* \@twosidetrue
* \@mparswitchtrue
* \@reversemarginfalse
* (1in=72.27pt=25.4mm, 1cm=28.453pt)

(6 Daftar Isi.tex (TA.toc

[11


]

[12]
Overfull \hbox (1.71918pt too wide) detected at line 449
\TU/TimesNewRoman(0)/m/n/12 V.3.1.10 
 []


Overfull \hbox (1.26215pt too wide) detected at line 479
\TU/TimesNewRoman(0)/m/n/12 VI.2.1.1 
 []


Overfull \hbox (1.26215pt too wide) detected at line 480
\TU/TimesNewRoman(0)/m/n/12 VI.2.1.2 
 []


Overfull \hbox (1.26215pt too wide) detected at line 481
\TU/TimesNewRoman(0)/m/n/12 VI.2.1.3 
 []


Overfull \hbox (1.26215pt too wide) detected at line 482
\TU/TimesNewRoman(0)/m/n/12 VI.2.1.4 
 []


Overfull \hbox (1.26215pt too wide) detected at line 485
\TU/TimesNewRoman(0)/m/n/12 VI.2.3.1 
 []



[13]
Overfull \hbox (1.26215pt too wide) detected at line 486
\TU/TimesNewRoman(0)/m/n/12 VI.2.3.2 
 []


Overfull \hbox (1.26215pt too wide) detected at line 487
\TU/TimesNewRoman(0)/m/n/12 VI.2.3.3 
 []


Overfull \hbox (1.26215pt too wide) detected at line 488
\TU/TimesNewRoman(0)/m/n/12 VI.2.3.4 
 []


Overfull \hbox (1.26215pt too wide) detected at line 489
\TU/TimesNewRoman(0)/m/n/12 VI.2.3.5 
 []

)
\tf@toc=\write5
\openout5 = `TA.toc'.

) (8 Daftar Gambar.tex

[14] (TA.lof
Underfull \vbox (badness 1237) has occurred while \output is active []



[15

])
\tf@lof=\write6
\openout6 = `TA.lof'.

) (9 Daftar Tabel.tex

[16] (TA.lot

[17

])
\tf@lot=\write7
\openout7 = `TA.lot'.

) (10 Daftar Algoritma.tex

[18] (TA.loa)
\tf@loa=\write8
\openout8 = `TA.loa'.

) (12 Daftar Singkatan.tex

[19


]

[20

]
Overfull \hbox (2.66713pt too wide) in alignment at lines 16--64
 [] [] [] 
 []

[21]) (13 Daftar Simbol.tex

[22]
Overfull \hbox (16.93071pt too wide) in alignment at lines 16--105
 [] [] [] 
 []

[23

] [24])

[25]

[26

] (Bab I - Pendahuluan.tex
Bab I.


[1


]
Underfull \vbox (badness 1412) has occurred while \output is active []



[2]

[3]

[4]

[5]
Overfull \hbox (0.33269pt too wide) in paragraph at lines 78--81
\TU/TimesNewRoman(0)/m/n/12 nelitian ini. Pada tahap ini, beberapa algoritma \T
U/TimesNewRoman(0)/m/it/12 machine learning \TU/TimesNewRoman(0)/m/n/12 dilatih
 meng-
 []


Underfull \vbox (badness 10000) has occurred while \output is active []



[6]

[7]) (Bab II - Studi.tex

[8]
Bab II.

Package biblatex-chicago Warning: Empty Ibidem citation on input line 7.



[9


]

Package biblatex-chicago Warning: Empty Ibidem citation on input line 15.


Package biblatex-chicago Warning: Empty Ibidem citation on input line 43.


Underfull \vbox (badness 10000) has occurred while \output is active []



[10]

Package biblatex-chicago Warning: Empty Ibidem citation on input line 46.


Package biblatex-chicago Warning: Empty Ibidem citation on input line 49.


Overfull \hbox (7.53525pt too wide) in paragraph at lines 48--50
\TU/TimesNewRoman(0)/m/n/12 kecenderungan terjadinya peningkatan tekanan darah 
([][][]Padmanabhan, Caulfield,
 []


Underfull \vbox (badness 10000) has occurred while \output is active []



[11]

Package biblatex-chicago Warning: Empty Ibidem citation on input line 61.


Overfull \hbox (0.9114pt too wide) in paragraph at lines 60--62
\TU/TimesNewRoman(0)/m/n/12 dan peningkatan resistensi insulin yang meningkatka
n risiko hipertensi ([][][]Hayes
 []


Package biblatex-chicago Warning: Empty Ibidem citation on input line 64.


Overfull \hbox (1.27823pt too wide) in paragraph at lines 63--65
\TU/TimesNewRoman(0)/m/n/12 Zat kimia dalam rokok, terutama nikotin, memicu pel
epasan katekolamin yang
 []


Overfull \hbox (5.43956pt too wide) in paragraph at lines 66--68
\TU/TimesNewRoman(0)/m/n/12 yang, pada kondisi akut, bersifat adaptif melalui a
ktivasi sumbu \TU/TimesNewRoman(0)/m/it/12 Hypothalamic–
 []


Underfull \vbox (badness 10000) has occurred while \output is active []



[12]

Package biblatex-chicago Warning: Empty Ibidem citation on input line 74.


Package biblatex-chicago Warning: Empty Ibidem citation on input line 77.


Underfull \vbox (badness 10000) has occurred while \output is active []



[13]

Package biblatex-chicago Warning: Empty Ibidem citation on input line 80.


Package biblatex-chicago Warning: Empty Ibidem citation on input line 85.


Underfull \vbox (badness 10000) has occurred while \output is active []



[14]
Underfull \vbox (badness 10000) has occurred while \output is active []



[15]

Package biblatex-chicago Warning: Empty Ibidem citation on input line 106.


Underfull \vbox (badness 10000) has occurred while \output is active []



[16]
Underfull \vbox (badness 10000) has occurred while \output is active []



[17]
Underfull \vbox (badness 10000) has occurred while \output is active []



[18]

Package biblatex-chicago Warning: Empty Ibidem citation on input line 121.


Package biblatex-chicago Warning: Empty Ibidem citation on input line 124.


Package biblatex-chicago Warning: Empty Ibidem citation on input line 127.


Package biblatex-chicago Warning: Empty Ibidem citation on input line 127.


Underfull \vbox (badness 10000) has occurred while \output is active []



[19]

Package biblatex-chicago Warning: Empty Ibidem citation on input line 130.


Package biblatex-chicago Warning: Empty Ibidem citation on input line 133.


Package biblatex-chicago Warning: Empty Ibidem citation on input line 133.


Package biblatex-chicago Warning: Empty Ibidem citation on input line 136.


Package biblatex-chicago Warning: Empty Ibidem citation on input line 136.


Underfull \vbox (badness 10000) has occurred while \output is active []



[20]

Package biblatex-chicago Warning: Empty Ibidem citation on input line 139.


Package biblatex-chicago Warning: Empty Ibidem citation on input line 139.


Underfull \vbox (badness 10000) has occurred while \output is active []



[21]

Package biblatex-chicago Warning: Empty Ibidem citation on input line 151.



[22]

[23]

Package biblatex-chicago Warning: Empty Ibidem citation on input line 172.



[24]

Package biblatex-chicago Warning: Empty Ibidem citation on input line 187.


Package biblatex-chicago Warning: Empty Ibidem citation on input line 191.


Underfull \vbox (badness 10000) has occurred while \output is active []



[25]

[26]
Overfull \hbox (398.3386pt too wide) detected at line 249
[]
 []


Overfull \hbox (68.22633pt too wide) in alignment at lines 248--253
[] [] [] [] []
 []


Overfull \hbox (68.22633pt too wide) in alignment at lines 253--259
[] [] [] [] []
 []


Overfull \hbox (68.22633pt too wide) in alignment at lines 259--263
[] [] [] [] []
 []


Overfull \hbox (68.22633pt too wide) in alignment at lines 263--266
[] [] [] [] []
 []


Underfull \hbox (badness 10000) in paragraph at lines 268--268
[]|\TU/TimesNewRoman(0)/m/n/12 Screening Hyper-
 []


Underfull \hbox (badness 10000) in paragraph at lines 268--268
\TU/TimesNewRoman(0)/m/n/12 tension Using
 []


Underfull \hbox (badness 10000) in paragraph at lines 268--268
\TU/TimesNewRoman(0)/m/n/12 Non-Laboratory
 []


Underfull \hbox (badness 7631) in paragraph at lines 268--268
\TU/TimesNewRoman(0)/m/n/12 Risk Factors With
 []


Underfull \hbox (badness 10000) in paragraph at lines 268--268
\TU/TimesNewRoman(0)/m/n/12 Machine Learning:
 []


Underfull \hbox (badness 10000) in paragraph at lines 268--268
\TU/TimesNewRoman(0)/m/n/12 A Retrospective
 []


Underfull \hbox (badness 10000) in paragraph at lines 268--268
\TU/TimesNewRoman(0)/m/n/12 Cross-Sectional
 []


Underfull \hbox (badness 3260) in paragraph at lines 268--268
\TU/TimesNewRoman(0)/m/n/12 Study in Indonesia
 []


Underfull \hbox (badness 10000) in paragraph at lines 269--269
[]|\TU/TimesNewRoman(0)/m/n/12 Membandingkan
 []


Underfull \hbox (badness 10000) in paragraph at lines 269--269
\TU/TimesNewRoman(0)/m/n/12 XGBoost dengan
 []


Underfull \hbox (badness 1796) in paragraph at lines 269--269
\TU/TimesNewRoman(0)/m/n/12 Logistic Regression
 []


Underfull \hbox (badness 10000) in paragraph at lines 269--269
\TU/TimesNewRoman(0)/m/n/12 sebagai \TU/TimesNewRoman(0)/m/it/12 baseline
 []


Underfull \hbox (badness 10000) in paragraph at lines 269--269
\TU/TimesNewRoman(0)/m/n/12 untuk menyaring
 []


Underfull \hbox (badness 10000) in paragraph at lines 269--269
\TU/TimesNewRoman(0)/m/n/12 hipertensi meng-
 []


Underfull \hbox (badness 10000) in paragraph at lines 269--269
\TU/TimesNewRoman(0)/m/n/12 gunakan sebelas
 []


Underfull \hbox (badness 10000) in paragraph at lines 269--269
\TU/TimesNewRoman(0)/m/n/12 faktor risiko non-
 []


Underfull \hbox (badness 10000) in paragraph at lines 269--269
\TU/TimesNewRoman(0)/m/n/12 laboratorium pada
 []


Underfull \hbox (badness 10000) in paragraph at lines 269--269
\TU/TimesNewRoman(0)/m/n/12 internal (\TU/TimesNewRoman(0)/m/it/12 10-fold
 []


Underfull \hbox (badness 10000) in paragraph at lines 269--269
\TU/TimesNewRoman(0)/m/it/12 cross-validation\TU/TimesNewRoman(0)/m/n/12 )
 []


Underfull \hbox (badness 10000) in paragraph at lines 270--270
[]|\TU/TimesNewRoman(0)/m/n/12 Model berbasis
 []


Underfull \hbox (badness 10000) in paragraph at lines 270--270
\TU/TimesNewRoman(0)/m/n/12 berkinerja terbaik
 []


Underfull \hbox (badness 10000) in paragraph at lines 270--270
\TU/TimesNewRoman(0)/m/n/12 dan mengungguli
 []


Underfull \hbox (badness 10000) in paragraph at lines 270--270
\TU/TimesNewRoman(0)/m/it/12 baseline \TU/TimesNewRoman(0)/m/n/12 Logistic
 []


Underfull \hbox (badness 10000) in paragraph at lines 270--270
\TU/TimesNewRoman(0)/m/n/12 Regression pada
 []


Underfull \hbox (badness 10000) in paragraph at lines 270--270
\TU/TimesNewRoman(0)/m/n/12 validasi internal
 []


Underfull \hbox (badness 10000) in paragraph at lines 270--270
\TU/TimesNewRoman(0)/m/n/12 maupun eksternal.
 []


Underfull \hbox (badness 10000) in paragraph at lines 270--270
\TU/TimesNewRoman(0)/m/n/12 Riwayat keluarga
 []


Underfull \hbox (badness 10000) in paragraph at lines 270--270
\TU/TimesNewRoman(0)/m/n/12 hipertensi, usia,
 []


Underfull \hbox (badness 10000) in paragraph at lines 270--270
\TU/TimesNewRoman(0)/m/n/12 lingkar pinggang,
 []


Underfull \hbox (badness 10000) in paragraph at lines 270--270
\TU/TimesNewRoman(0)/m/n/12 dan IMT menjadi
 []


Underfull \hbox (badness 10000) in paragraph at lines 270--270
\TU/TimesNewRoman(0)/m/n/12 faktor prediktor
 []


Underfull \hbox (badness 10000) in paragraph at lines 271--272
[]|\TU/TimesNewRoman(0)/m/n/12 Bersifat \TU/TimesNewRoman(0)/m/it/12 cross-
 []


Underfull \hbox (badness 10000) in paragraph at lines 271--272
\TU/TimesNewRoman(0)/m/it/12 sectional \TU/TimesNewRoman(0)/m/n/12 sehingga
 []


Underfull \hbox (badness 10000) in paragraph at lines 271--272
\TU/TimesNewRoman(0)/m/n/12 pulkan kausalitas
 []


Underfull \hbox (badness 10000) in paragraph at lines 271--272
\TU/TimesNewRoman(0)/m/n/12 atau insidensi,
 []


Underfull \hbox (badness 10000) in paragraph at lines 271--272
\TU/TimesNewRoman(0)/m/n/12 hanya mengan-
 []


Underfull \hbox (badness 8038) in paragraph at lines 271--272
\TU/TimesNewRoman(0)/m/n/12 dalkan faktor non-
 []


Underfull \hbox (badness 10000) in paragraph at lines 271--272
\TU/TimesNewRoman(0)/m/n/12 laboratorium, dan
 []


Underfull \hbox (badness 10000) in paragraph at lines 271--272
\TU/TimesNewRoman(0)/m/n/12 lum diterjemahkan
 []


Underfull \hbox (badness 10000) in paragraph at lines 271--272
\TU/TimesNewRoman(0)/m/n/12 menjadi penjelas-
 []


Underfull \hbox (badness 10000) in paragraph at lines 271--272
\TU/TimesNewRoman(0)/m/n/12 an naratif bagi
 []


Underfull \hbox (badness 10000) in paragraph at lines 273--273
[]|\TU/TimesNewRoman(0)/m/n/12 Prediction of Per-
 []


Underfull \hbox (badness 4366) in paragraph at lines 273--273
\TU/TimesNewRoman(0)/m/n/12 sonalised Hyperten-
 []


Underfull \hbox (badness 10000) in paragraph at lines 273--273
\TU/TimesNewRoman(0)/m/n/12 Learning in Indo-
 []


Underfull \hbox (badness 10000) in paragraph at lines 273--273
\TU/TimesNewRoman(0)/m/n/12 nesian Population
 []


Underfull \hbox (badness 10000) in paragraph at lines 274--274
[]|\TU/TimesNewRoman(0)/m/n/12 Mengomparasi
 []


Underfull \hbox (badness 10000) in paragraph at lines 274--274
\TU/TimesNewRoman(0)/m/n/12 lima algoritma,
 []


Underfull \hbox (badness 1648) in paragraph at lines 274--274
\TU/TimesNewRoman(0)/m/n/12 yaitu XGBoost, Li-
 []


Underfull \hbox (badness 3148) in paragraph at lines 274--274
\TU/TimesNewRoman(0)/m/n/12 ghtGBM, CatBoost,
 []


Underfull \hbox (badness 10000) in paragraph at lines 274--274
\TU/TimesNewRoman(0)/m/n/12 Logistic Regres-
 []


Underfull \hbox (badness 5175) in paragraph at lines 274--274
\TU/TimesNewRoman(0)/m/n/12 sion, dan Random
 []


Underfull \hbox (badness 10000) in paragraph at lines 274--274
\TU/TimesNewRoman(0)/m/n/12 Forest, pada 9,58
 []


Underfull \hbox (badness 10000) in paragraph at lines 274--274
\TU/TimesNewRoman(0)/m/n/12 juta data SATU-
 []


Underfull \hbox (badness 10000) in paragraph at lines 274--274
\TU/TimesNewRoman(0)/m/n/12 SEHAT dengan
 []


Underfull \hbox (badness 10000) in paragraph at lines 274--274
\TU/TimesNewRoman(0)/m/n/12 analisis kontribusi
 []


Underfull \hbox (badness 10000) in paragraph at lines 274--274
\TU/TimesNewRoman(0)/m/n/12 fitur menggunakan
 []


Underfull \hbox (badness 10000) in paragraph at lines 274--274
\TU/TimesNewRoman(0)/m/n/12 SHAP (\TU/TimesNewRoman(0)/m/it/12 SHapley
 []


Underfull \hbox (badness 10000) in paragraph at lines 274--274
\TU/TimesNewRoman(0)/m/it/12 Additive exPlana-
 []


Underfull \hbox (badness 10000) in paragraph at lines 275--275
[]|\TU/TimesNewRoman(0)/m/n/12 Model LightGBM
 []


Underfull \hbox (badness 10000) in paragraph at lines 275--275
\TU/TimesNewRoman(0)/m/n/12 mencapai performa
 []


Underfull \hbox (badness 4416) in paragraph at lines 275--275
\TU/TimesNewRoman(0)/m/n/12 0,78 tanpa riwayat
 []


Underfull \hbox (badness 10000) in paragraph at lines 275--275
\TU/TimesNewRoman(0)/m/n/12 pasien dan 0,85
 []


Underfull \hbox (badness 10000) in paragraph at lines 275--275
\TU/TimesNewRoman(0)/m/n/12 menunjukkan usia,
 []


Underfull \hbox (badness 10000) in paragraph at lines 275--275
\TU/TimesNewRoman(0)/m/n/12 riwayat keluarga,
 []


Underfull \hbox (badness 10000) in paragraph at lines 275--275
\TU/TimesNewRoman(0)/m/n/12 berat badan, dan
 []


Underfull \hbox (badness 10000) in paragraph at lines 275--275
\TU/TimesNewRoman(0)/m/n/12 lingkar pinggang
 []


Underfull \hbox (badness 10000) in paragraph at lines 275--275
\TU/TimesNewRoman(0)/m/n/12 sebagai prediktor
 []


Underfull \hbox (badness 10000) in paragraph at lines 276--277
\TU/TimesNewRoman(0)/m/it/12 sectional \TU/TimesNewRoman(0)/m/n/12 sehingga
 []


Underfull \hbox (badness 10000) in paragraph at lines 276--277
\TU/TimesNewRoman(0)/m/n/12 pulkan kausalitas,
 []


Underfull \hbox (badness 10000) in paragraph at lines 276--277
\TU/TimesNewRoman(0)/m/n/12 non-rumah sakit
 []


Underfull \hbox (badness 10000) in paragraph at lines 276--277
\TU/TimesNewRoman(0)/m/n/12 mendalam, serta
 []


Underfull \hbox (badness 10000) in paragraph at lines 276--277
\TU/TimesNewRoman(0)/m/n/12 belum disajikan
 []


Underfull \hbox (badness 6808) in paragraph at lines 278--278
\TU/TimesNewRoman(0)/m/n/12 Based Analysis of
 []


Underfull \hbox (badness 10000) in paragraph at lines 278--278
\TU/TimesNewRoman(0)/m/n/12 Risk Factors for
 []


Underfull \hbox (badness 10000) in paragraph at lines 278--278
\TU/TimesNewRoman(0)/m/n/12 Hypertension Clas-
 []


Underfull \hbox (badness 10000) in paragraph at lines 278--278
\TU/TimesNewRoman(0)/m/n/12 Postmenopausal
 []


Underfull \hbox (badness 5231) in paragraph at lines 278--278
\TU/TimesNewRoman(0)/m/n/12 Women ([][][]Li, Chen,
 []


Underfull \hbox (badness 10000) in paragraph at lines 279--279
[]|\TU/TimesNewRoman(0)/m/n/12 Menggunakan
 []


Underfull \hbox (badness 10000) in paragraph at lines 279--279
\TU/TimesNewRoman(0)/m/n/12 XGBoost, Support
 []


Underfull \hbox (badness 10000) in paragraph at lines 279--279
\TU/TimesNewRoman(0)/m/n/12 Vector Machine
 []


Underfull \hbox (badness 4391) in paragraph at lines 279--279
\TU/TimesNewRoman(0)/m/n/12 al Neural Network
 []


Underfull \hbox (badness 10000) in paragraph at lines 279--279
\TU/TimesNewRoman(0)/m/n/12 (ANN) untuk kla-
 []


Underfull \hbox (badness 10000) in paragraph at lines 279--279
\TU/TimesNewRoman(0)/m/n/12 sifikasi hipertensi,
 []


Underfull \hbox (badness 10000) in paragraph at lines 279--279
\TU/TimesNewRoman(0)/m/n/12 dengan interpre-
 []


Underfull \hbox (badness 10000) in paragraph at lines 279--279
\TU/TimesNewRoman(0)/m/n/12 tabilitas model
 []


Underfull \hbox (badness 10000) in paragraph at lines 279--279
\TU/TimesNewRoman(0)/m/n/12 mengidentifikasi
 []


Underfull \hbox (badness 1622) in paragraph at lines 279--279
\TU/TimesNewRoman(0)/m/n/12 faktor risiko paling
 []


Underfull \hbox (badness 10000) in paragraph at lines 280--280
[]|\TU/TimesNewRoman(0)/m/n/12 Model XGBoost
 []


Underfull \hbox (badness 5036) in paragraph at lines 280--280
\TU/TimesNewRoman(0)/m/n/12 memberikan perfor-
 []


Underfull \hbox (badness 4859) in paragraph at lines 280--280
\TU/TimesNewRoman(0)/m/n/12 ma terbaik dengan
 []


Underfull \hbox (badness 10000) in paragraph at lines 280--280
\TU/TimesNewRoman(0)/m/n/12 lingkar pinggang
 []


Underfull \hbox (badness 1231) in paragraph at lines 281--282
\TU/TimesNewRoman(0)/m/n/12 latan sehingga sulit
 []


Underfull \hbox (badness 1838) in paragraph at lines 281--282
\TU/TimesNewRoman(0)/m/n/12 digeneralisasi, serta
 []


Underfull \hbox (badness 6825) in paragraph at lines 281--282
\TU/TimesNewRoman(0)/m/n/12 perti konsumsi ga-
 []


Underfull \hbox (badness 1558) in paragraph at lines 281--282
\TU/TimesNewRoman(0)/m/n/12 ram, aktivitas fisik,
 []


Underfull \hbox (badness 10000) in paragraph at lines 283--283
[]|\TU/TimesNewRoman(0)/m/n/12 Explainable AI in
 []


Underfull \hbox (badness 1755) in paragraph at lines 283--283
\TU/TimesNewRoman(0)/m/n/12 Action: A Compa-
 []


Underfull \hbox (badness 10000) in paragraph at lines 283--283
\TU/TimesNewRoman(0)/m/n/12 rative Analysis of
 []


Underfull \hbox (badness 10000) in paragraph at lines 283--283
\TU/TimesNewRoman(0)/m/n/12 Hypertension Risk
 []


Underfull \hbox (badness 10000) in paragraph at lines 283--283
\TU/TimesNewRoman(0)/m/n/12 Kutlu, Mansour,
 []


Underfull \hbox (badness 10000) in paragraph at lines 284--284
[]|\TU/TimesNewRoman(0)/m/n/12 Menerapkan model
 []


Underfull \hbox (badness 10000) in paragraph at lines 284--284
\TU/TimesNewRoman(0)/m/n/12 XGBoost untuk
 []


Underfull \hbox (badness 10000) in paragraph at lines 284--284
\TU/TimesNewRoman(0)/m/n/12 memprediksi hi-
 []


Underfull \hbox (badness 10000) in paragraph at lines 284--284
\TU/TimesNewRoman(0)/m/n/12 pertensi pada 623
 []


Underfull \hbox (badness 10000) in paragraph at lines 284--284
\TU/TimesNewRoman(0)/m/n/12 pasien dengan 13
 []


Underfull \hbox (badness 10000) in paragraph at lines 284--284
\TU/TimesNewRoman(0)/m/n/12 biomarker, lalu
 []


Underfull \hbox (badness 10000) in paragraph at lines 284--284
\TU/TimesNewRoman(0)/m/n/12 membandingkan
 []


Underfull \hbox (badness 10000) in paragraph at lines 284--284
\TU/TimesNewRoman(0)/m/n/12 untuk menjelaskan
 []


Underfull \hbox (badness 10000) in paragraph at lines 284--284
\TU/TimesNewRoman(0)/m/n/12 kontribusi fitur
 []


Underfull \hbox (badness 10000) in paragraph at lines 285--285
[]|\TU/TimesNewRoman(0)/m/n/12 Model XGBoost
 []


Underfull \hbox (badness 10000) in paragraph at lines 285--285
\TU/TimesNewRoman(0)/m/n/12 mencapai akurasi
 []


Underfull \hbox (badness 2310) in paragraph at lines 285--285
\TU/TimesNewRoman(0)/m/n/12 recall 97,30%, dan
 []


Underfull \hbox (badness 10000) in paragraph at lines 285--285
\TU/TimesNewRoman(0)/m/n/12 F1-score 98,6%.
 []


Underfull \hbox (badness 10000) in paragraph at lines 285--285
\TU/TimesNewRoman(0)/m/n/12 SHAP dan LIME
 []


Underfull \hbox (badness 10000) in paragraph at lines 285--285
\TU/TimesNewRoman(0)/m/n/12 berhasil mengung-
 []


Underfull \hbox (badness 10000) in paragraph at lines 285--285
\TU/TimesNewRoman(0)/m/n/12 kap faktor risiko
 []


Underfull \hbox (badness 10000) in paragraph at lines 285--285
\TU/TimesNewRoman(0)/m/n/12 utama di balik
 []


Underfull \hbox (badness 10000) in paragraph at lines 286--287
\TU/TimesNewRoman(0)/m/n/12 (623 pasien) de-
 []


Underfull \hbox (badness 3281) in paragraph at lines 286--287
\TU/TimesNewRoman(0)/m/n/12 ngan metrik nyaris
 []


Underfull \hbox (badness 1028) in paragraph at lines 286--287
\TU/TimesNewRoman(0)/m/n/12 sempurna yang ber-
 []


Underfull \hbox (badness 10000) in paragraph at lines 286--287
\TU/TimesNewRoman(0)/m/n/12 potensi \TU/TimesNewRoman(0)/m/it/12 overfitting\TU
/TimesNewRoman(0)/m/n/12 ,
 []


Underfull \hbox (badness 10000) in paragraph at lines 286--287
\TU/TimesNewRoman(0)/m/n/12 bergantung pada
 []


Underfull \hbox (badness 10000) in paragraph at lines 286--287
\TU/TimesNewRoman(0)/m/n/12 biomarker labora-
 []


Underfull \hbox (badness 10000) in paragraph at lines 286--287
\TU/TimesNewRoman(0)/m/n/12 torium sehingga
 []


Underfull \hbox (badness 10000) in paragraph at lines 286--287
\TU/TimesNewRoman(0)/m/n/12 tidak non-invasif,
 []


Underfull \hbox (badness 10000) in paragraph at lines 286--287
\TU/TimesNewRoman(0)/m/n/12 dan penjelasannya
 []


Underfull \hbox (badness 10000) in paragraph at lines 286--287
\TU/TimesNewRoman(0)/m/n/12 belum disajikan
 []


Underfull \hbox (badness 10000) in paragraph at lines 288--288
[]|\TU/TimesNewRoman(0)/m/n/12 Large Language
 []


Underfull \hbox (badness 10000) in paragraph at lines 288--288
\TU/TimesNewRoman(0)/m/n/12 ([][][]Thirunavukarasu
 []


Underfull \hbox (badness 10000) in paragraph at lines 289--289
[]|\TU/TimesNewRoman(0)/m/n/12 Tinjauan mengenai
 []


Underfull \hbox (badness 10000) in paragraph at lines 289--289
\TU/TimesNewRoman(0)/m/n/12 penerapan Large
 []


Underfull \hbox (badness 10000) in paragraph at lines 289--289
\TU/TimesNewRoman(0)/m/n/12 Language Model
 []


Underfull \hbox (badness 10000) in paragraph at lines 289--289
\TU/TimesNewRoman(0)/m/n/12 tektur Transformer
 []


Underfull \hbox (badness 10000) in paragraph at lines 289--289
\TU/TimesNewRoman(0)/m/n/12 klinis, termasuk
 []


Underfull \hbox (badness 10000) in paragraph at lines 289--289
\TU/TimesNewRoman(0)/m/n/12 komunikasi dan
 []


Underfull \hbox (badness 10000) in paragraph at lines 289--289
\TU/TimesNewRoman(0)/m/n/12 edukasi kepada
 []


Underfull \hbox (badness 10000) in paragraph at lines 290--290
\TU/TimesNewRoman(0)/m/n/12 nyintesis informasi
 []


Underfull \hbox (badness 10000) in paragraph at lines 290--290
\TU/TimesNewRoman(0)/m/n/12 medis kompleks
 []


Underfull \hbox (badness 10000) in paragraph at lines 290--290
\TU/TimesNewRoman(0)/m/n/12 menjadi penjelasan
 []


Underfull \hbox (badness 10000) in paragraph at lines 290--290
\TU/TimesNewRoman(0)/m/n/12 yang mudah dipa-
 []


Underfull \hbox (badness 10000) in paragraph at lines 290--290
\TU/TimesNewRoman(0)/m/n/12 hami oleh pasien
 []


Underfull \hbox (badness 10000) in paragraph at lines 290--290
\TU/TimesNewRoman(0)/m/n/12 maupun tenaga
 []


Underfull \hbox (badness 4024) in paragraph at lines 291--292
\TU/TimesNewRoman(0)/m/n/12 ta belum diintegra-
 []


Underfull \hbox (badness 1248) in paragraph at lines 291--292
\TU/TimesNewRoman(0)/m/n/12 rik seperti keluaran
 []


Overfull \hbox (68.22633pt too wide) in alignment at lines 266--292
[] [] [] [] []
 []

[27] [28]) (Bab III - Analisis.tex

[29]

[30

]
Bab III.

Package biblatex-chicago Warning: Empty Ibidem citation on input line 25.

File: images/Alur-skrining-MobileJKN.png Graphic file (type bmp)
<images/Alur-skrining-MobileJKN.png>

Underfull \vbox (badness 10000) has occurred while \output is active []



[31

]

[32]

[33]
File: images/gambar1.png Graphic file (type bmp)
<images/gambar1.png>


[34]

[35]
Overfull \hbox (0.90555pt too wide) in paragraph at lines 81--83
\TU/TimesNewRoman(0)/m/n/12 Metode statistik tradisional sering gagal menangkap
 hubungan non-linier yang
 []


Underfull \hbox (badness 2343) in paragraph at lines 98--98
[]|\TU/TimesNewRoman(0)/b/n/10.95 Domain Masa-
 []


Underfull \hbox (badness 1990) in paragraph at lines 100--100
[]|\TU/TimesNewRoman(0)/m/n/10.95 Transparansi &
 []


Underfull \hbox (badness 1043) in paragraph at lines 100--100
\TU/TimesNewRoman(0)/m/n/10.95 ja sebagai \TU/TimesNewRoman(0)/m/it/10.95 black
 box\TU/TimesNewRoman(0)/m/n/10.95 ;
 []


Underfull \hbox (badness 1769) in paragraph at lines 100--100
\TU/TimesNewRoman(0)/m/n/10.95 me untuk menelusuri
 []


Underfull \hbox (badness 10000) in paragraph at lines 100--101
[]|\TU/TimesNewRoman(0)/m/n/10.95 Sistem menyediakan
 []


Underfull \hbox (badness 10000) in paragraph at lines 100--101
\TU/TimesNewRoman(0)/m/n/10.95 yang menjelaskan
 []


Underfull \hbox (badness 10000) in paragraph at lines 100--101
\TU/TimesNewRoman(0)/m/n/10.95 variabel dominan
 []


Underfull \hbox (badness 10000) in paragraph at lines 102--102
[]|\TU/TimesNewRoman(0)/m/n/10.95 Validitas Infor-
 []


Underfull \hbox (badness 1009) in paragraph at lines 102--102
[]|\TU/TimesNewRoman(0)/m/n/10.95 Penjelasan risiko jika
 []


Underfull \hbox (badness 3396) in paragraph at lines 102--102
\TU/TimesNewRoman(0)/m/n/10.95 bahayakan keselamat-
 []


Underfull \hbox (badness 10000) in paragraph at lines 102--103
[]|\TU/TimesNewRoman(0)/m/n/10.95 Narasi penjelasan
 []


Underfull \hbox (badness 10000) in paragraph at lines 102--103
\TU/TimesNewRoman(0)/m/n/10.95 dikendalikan melalui
 []


Underfull \hbox (badness 1776) in paragraph at lines 102--103
\TU/TimesNewRoman(0)/m/n/10.95 kombinasi kaidah de-
 []


Underfull \hbox (badness 1478) in paragraph at lines 102--103
\TU/TimesNewRoman(0)/m/it/10.95 engineering \TU/TimesNewRoman(0)/m/n/10.95 (\TU
/TimesNewRoman(0)/m/it/10.95 guardra-
 []


Underfull \hbox (badness 4940) in paragraph at lines 102--103
\TU/TimesNewRoman(0)/m/it/10.95 il\TU/TimesNewRoman(0)/m/n/10.95 ); angka dan a
rah
 []


Underfull \hbox (badness 10000) in paragraph at lines 102--103
\TU/TimesNewRoman(0)/m/n/10.95 pengaruh ditetapkan
 []


Underfull \hbox (badness 10000) in paragraph at lines 102--103
\TU/TimesNewRoman(0)/m/n/10.95 secara deterministik
 []


Underfull \hbox (badness 1472) in paragraph at lines 102--103
\TU/TimesNewRoman(0)/m/n/10.95 dari kontribusi faktor
 []


Underfull \hbox (badness 4792) in paragraph at lines 102--103
\TU/TimesNewRoman(0)/m/n/10.95 klaim medis di luar
 []


Underfull \hbox (badness 1199) in paragraph at lines 104--104
[]|\TU/TimesNewRoman(0)/m/n/10.95 Akurasi & Per-
 []


Underfull \hbox (badness 2556) in paragraph at lines 104--104
\TU/TimesNewRoman(0)/m/n/10.95 reaktif dan generalis;
 []


Underfull \hbox (badness 10000) in paragraph at lines 104--104
[]|\TU/TimesNewRoman(0)/m/n/10.95 Rendahnya sensiti-
 []


Underfull \hbox (badness 7759) in paragraph at lines 104--104
\TU/TimesNewRoman(0)/m/n/10.95 vitas terhadap profil
 []


Underfull \hbox (badness 10000) in paragraph at lines 104--105
[]|\TU/TimesNewRoman(0)/m/n/10.95 Model ML mampu
 []


Underfull \hbox (badness 4279) in paragraph at lines 104--105
\TU/TimesNewRoman(0)/m/n/10.95 narasi personal yang
 []


Underfull \hbox (badness 10000) in paragraph at lines 104--105
\TU/TimesNewRoman(0)/m/n/10.95 mudah dipahami
 []


Overfull \hbox (21.54718pt too wide) in paragraph at lines 96--107
 [][] 
 []


Underfull \vbox (badness 10000) has occurred while \output is active []



[36]
Underfull \vbox (badness 10000) has occurred while \output is active []



[37]
Underfull \vbox (badness 1527) has occurred while \output is active []



[38]
Underfull \hbox (badness 10000) in paragraph at lines 139--139
[]|\TU/TimesNewRoman(0)/m/n/10.95 Pemrosesan Data Non-
 []


Overfull \hbox (23.37357pt too wide) in paragraph at lines 135--150
 [][] 
 []



[39]
Underfull \hbox (badness 10000) in paragraph at lines 164--164
[]|\TU/TimesNewRoman(0)/b/n/10.95 Kebutuhan Non-
 []


Underfull \hbox (badness 2698) in paragraph at lines 166--166
[]|\TU/TimesNewRoman(0)/m/n/10.95 Performa Diskriminasi Mo-
 []


Underfull \hbox (badness 1609) in paragraph at lines 166--167
\TU/TimesNewRoman(0)/m/n/10.95 hipertensi, dengan kriteria sukses nilai ROC-
 []


Overfull \hbox (23.37357pt too wide) in paragraph at lines 162--175
 [][] 
 []



[40]
Underfull \hbox (badness 3803) in paragraph at lines 194--194
[]|\TU/TimesNewRoman(0)/m/n/10.95 Fenomena \TU/TimesNewRoman(0)/m/it/10.95 blac
k box
 []


Underfull \hbox (badness 10000) in paragraph at lines 194--194
[]|\TU/TimesNewRoman(0)/m/n/10.95 Model \TU/TimesNewRoman(0)/m/it/10.95 machine
 learning
 []


Underfull \hbox (badness 10000) in paragraph at lines 194--194
\TU/TimesNewRoman(0)/m/n/10.95 konvensional menghasilkan
 []


Underfull \hbox (badness 10000) in paragraph at lines 194--194
\TU/TimesNewRoman(0)/m/n/10.95 skor risiko tanpa menyer-
 []


Underfull \hbox (badness 10000) in paragraph at lines 194--194
\TU/TimesNewRoman(0)/m/n/10.95 takan alasan medis yang
 []


Underfull \hbox (badness 10000) in paragraph at lines 196--196
[]|\TU/TimesNewRoman(0)/m/n/10.95 Inkomprehensibilitas
 []


Underfull \hbox (badness 1430) in paragraph at lines 196--196
[]|\TU/TimesNewRoman(0)/m/n/10.95 Luaran sistem prediksi ber-
 []


Underfull \hbox (badness 1960) in paragraph at lines 196--197
[]|\TU/TimesNewRoman(0)/m/n/10.95 Pasien gagal memahami
 []


Underfull \hbox (badness 4036) in paragraph at lines 196--197
\TU/TimesNewRoman(0)/m/n/10.95 urgensi kondisi kesehat-
 []


Underfull \hbox (badness 3108) in paragraph at lines 196--197
\TU/TimesNewRoman(0)/m/n/10.95 si menyebabkan rendah-
 []


Underfull \hbox (badness 8151) in paragraph at lines 198--198
[]|\TU/TimesNewRoman(0)/m/n/10.95 Penggunaan model bahasa
 []


Underfull \hbox (badness 3343) in paragraph at lines 200--200
[]|\TU/TimesNewRoman(0)/m/n/10.95 Metode statistik tradisional
 []


Overfull \hbox (21.54718pt too wide) in paragraph at lines 190--203
 [][] 
 []


Underfull \vbox (badness 8094) has occurred while \output is active []



[41]
Underfull \hbox (badness 10000) in paragraph at lines 214--214
[]|\TU/TimesNewRoman(0)/b/n/10.95 Pemetaan
 []


Underfull \hbox (badness 10000) in paragraph at lines 216--216
[]|\TU/TimesNewRoman(0)/m/n/10.95 Integrasi Metode Model-
 []


Underfull \hbox (badness 5345) in paragraph at lines 216--217
\TU/TimesNewRoman(0)/m/n/10.95 del ML tanpa mengorbankan
 []


Underfull \hbox (badness 1067) in paragraph at lines 218--218
[]|\TU/TimesNewRoman(0)/m/n/10.95 Pemanfaatan Large Langua-
 []


Underfull \hbox (badness 2343) in paragraph at lines 218--219
[]|\TU/TimesNewRoman(0)/m/n/10.95 Kemampuan \TU/TimesNewRoman(0)/m/it/10.95 nat
ural language
 []


Underfull \hbox (badness 1199) in paragraph at lines 218--219
\TU/TimesNewRoman(0)/m/n/10.95 pat menerjemahkan data mate-
 []


Underfull \hbox (badness 8151) in paragraph at lines 220--220
[]|\TU/TimesNewRoman(0)/m/n/10.95 Kendali Deterministik dan
 []


Underfull \hbox (badness 3657) in paragraph at lines 220--221
[]|\TU/TimesNewRoman(0)/m/n/10.95 Kombinasi lapisan kaidah de-
 []


Underfull \hbox (badness 3189) in paragraph at lines 220--221
\TU/TimesNewRoman(0)/m/n/10.95 terministik dan prompt berba-
 []


Underfull \hbox (badness 10000) in paragraph at lines 222--222
[]|\TU/TimesNewRoman(0)/m/n/10.95 M01, M03,
 []


Underfull \hbox (badness 3396) in paragraph at lines 222--222
[]|\TU/TimesNewRoman(0)/m/n/10.95 Ketersediaan Dataset Kese-
 []


Underfull \hbox (badness 1803) in paragraph at lines 222--223
[]|\TU/TimesNewRoman(0)/m/n/10.95 Tersedianya data sekunder pu-
 []


Underfull \hbox (badness 7397) in paragraph at lines 222--223
\TU/TimesNewRoman(0)/m/n/10.95 blik memungkinkan pelatihan
 []


Overfull \hbox (7.3208pt too wide) in paragraph at lines 212--225
 [][] 
 []


Underfull \hbox (badness 10000) in paragraph at lines 238--238
\TU/TimesNewRoman(0)/m/n/10.95 Aturan (Rule-Based
 []


Underfull \hbox (badness 4096) in paragraph at lines 238--239
[]|\TU/TimesNewRoman(0)/m/n/10.95 Sangat kaku (\TU/TimesNewRoman(0)/m/it/10.95 
rigid\TU/TimesNewRoman(0)/m/n/10.95 ), tidak
 []


Underfull \hbox (badness 10000) in paragraph at lines 240--240
[]|\TU/TimesNewRoman(0)/m/n/10.95 Pure \TU/TimesNewRoman(0)/m/it/10.95 Machine 
Lear-
 []


Underfull \hbox (badness 10000) in paragraph at lines 240--240
[]|\TU/TimesNewRoman(0)/m/n/10.95 Mampu mencapai akurasi
 []


Underfull \hbox (badness 1331) in paragraph at lines 240--240
\TU/TimesNewRoman(0)/m/n/10.95 prediksi yang sangat tinggi
 []


Underfull \hbox (badness 1024) in paragraph at lines 240--240
\TU/TimesNewRoman(0)/m/n/10.95 pada dataset besar dan me-
 []


Underfull \hbox (badness 4954) in paragraph at lines 242--243
[]|\TU/TimesNewRoman(0)/m/n/10.95 Rentan terhadap halusinasi
 []


Underfull \hbox (badness 10000) in paragraph at lines 244--244
[]|\TU/TimesNewRoman(0)/m/n/10.95 Menyeimbangkan akurasi
 []


Underfull \hbox (badness 10000) in paragraph at lines 244--244
\TU/TimesNewRoman(0)/m/n/10.95 tinggi, transparansi alasan
 []


Underfull \hbox (badness 1152) in paragraph at lines 244--244
\TU/TimesNewRoman(0)/m/n/10.95 prediksi, dan narasi mudah
 []


Underfull \hbox (badness 10000) in paragraph at lines 244--244
\TU/TimesNewRoman(0)/m/n/10.95 dipahami dengan keluaran
 []


Underfull \hbox (badness 10000) in paragraph at lines 244--244
\TU/TimesNewRoman(0)/m/n/10.95 LLM yang dikendalikan
 []


Underfull \hbox (badness 10000) in paragraph at lines 244--244
\TU/TimesNewRoman(0)/m/n/10.95 kaidah deterministik dan
 []


Underfull \hbox (badness 1286) in paragraph at lines 244--245
[]|\TU/TimesNewRoman(0)/m/n/10.95 Memerlukan integrasi bebe-
 []


Overfull \hbox (21.54718pt too wide) in paragraph at lines 234--247
 [][] 
 []


Underfull \vbox (badness 3746) has occurred while \output is active []



[42]

[43]
Underfull \hbox (badness 10000) in paragraph at lines 263--263
[]|\TU/TimesNewRoman(0)/b/n/10.95 Rule-Based
 []


Underfull \hbox (badness 2302) in paragraph at lines 263--263
[]|\TU/TimesNewRoman(0)/b/n/10.95 Narasi LLM
 []


Underfull \hbox (badness 2261) in paragraph at lines 263--263
\TU/TimesNewRoman(0)/b/n/10.95 tanpa \TU/TimesNewRoman(0)/b/it/10.95 groun-
 []


Underfull \hbox (badness 10000) in paragraph at lines 267--267
[]|\TU/TimesNewRoman(0)/m/n/10.95 Interpretabilitas
 []


Underfull \hbox (badness 1215) in paragraph at lines 271--271
[]|\TU/TimesNewRoman(0)/m/n/10.95 Kualitas Narasi &
 []


Overfull \hbox (57.72806pt too wide) in paragraph at lines 261--278
 [][] 
 []

) (Bab IV - Perancangan.tex

[44]
Bab IV.
File: images/ars-sistem.png Graphic file (type bmp)
<images/ars-sistem.png>

Underfull \vbox (badness 10000) has occurred while \output is active []



[45


]

[46]
Overfull \hbox (2.77245pt too wide) in paragraph at lines 63--65
\TU/TimesNewRoman(0)/m/n/12 Sistem memanggil layanan LLM pihak ketiga, yaitu Gr
oq dengan model \TU/TimesNewRoman(0)/m/it/12 llama-
 []

File: images/alur-kerja-sistem.png Graphic file (type bmp)
<images/alur-kerja-sistem.png>

Underfull \vbox (badness 10000) has occurred while \output is active []



[47]
Underfull \vbox (badness 1533) has occurred while \output is active []



[48]
File: images/data_pre_processing.png Graphic file (type bmp)
<images/data_pre_processing.png>


[49]
File: images/alur-modul-prediksi.png Graphic file (type bmp)
<images/alur-modul-prediksi.png>

Underfull \vbox (badness 10000) has occurred while \output is active []



[50]
File: images/alur-modul-xai.png Graphic file (type bmp)
<images/alur-modul-xai.png>

Underfull \hbox (badness 6110) in paragraph at lines 172--172
[]|\TU/TimesNewRoman(0)/m/n/10.95 Rawan halusinasi; angka
 []


Underfull \hbox (badness 10000) in paragraph at lines 176--176
[]|\TU/TimesNewRoman(0)/m/n/10.95 Deterministik pe-
 []


Underfull \hbox (badness 10000) in paragraph at lines 178--178
[]|\TU/TimesNewRoman(0)/m/n/10.95 Deterministik +
 []


Underfull \hbox (badness 10000) in paragraph at lines 178--178
\TU/TimesNewRoman(0)/m/n/10.95 LLM (penghalus
 []


Underfull \hbox (badness 10000) in paragraph at lines 178--178
[]|\TU/TimesNewRoman(0)/m/n/10.95 Angka/arah/fakta terkunci
 []


Underfull \hbox (badness 10000) in paragraph at lines 178--178
[]|\TU/TimesNewRoman(0)/m/n/10.95 Memerlukan perancangan
 []


Overfull \hbox (15.18372pt too wide) in paragraph at lines 168--181
 [][] 
 []



[51]
File: images/alur-modul-narasi.png Graphic file (type bmp)
<images/alur-modul-narasi.png>

Underfull \vbox (badness 10000) has occurred while \output is active []



[52]
File: images/prototype/form_input_1.png Graphic file (type bmp)
<images/prototype/form_input_1.png>

Underfull \vbox (badness 10000) has occurred while \output is active []



[53]
File: images/prototype/form_input_2.png Graphic file (type bmp)
<images/prototype/form_input_2.png>
File: images/prototype/form_input_3.png Graphic file (type bmp)
<images/prototype/form_input_3.png>

Underfull \vbox (badness 10000) has occurred while \output is active []



[54]
File: images/hasil_prediksi.png Graphic file (type bmp)
<images/hasil_prediksi.png>

Underfull \vbox (badness 10000) has occurred while \output is active []



[55]
File: images/Diagram Proses-Tahapan Seluruh Penelitian.drawio (1).png Graphic f
ile (type bmp)
<images/Diagram Proses-Tahapan Seluruh Penelitian.drawio (1).png>

Overfull \hbox (39.83629pt too wide) in paragraph at lines 270--271
 [][] 
 []

)
Underfull \vbox (badness 10000) has occurred while \output is active []



[56] (Bab V - Implementasi.tex

[57]

[58

]
Bab V.


[59

]
Underfull \hbox (badness 10000) in paragraph at lines 51--51
[]|\TU/TimesNewRoman(0)/b/n/12 Variabel Uta-
 []


Underfull \hbox (badness 10000) in paragraph at lines 51--51
[]|\TU/TimesNewRoman(0)/m/it/12 pidlink\TU/TimesNewRoman(0)/m/n/12 , \TU/TimesN
ewRoman(0)/m/it/12 sex\TU/TimesNewRoman(0)/m/n/12 ,
 []


Underfull \hbox (badness 10000) in paragraph at lines 51--51
[]|\TU/TimesNewRoman(0)/m/n/12 Identitas unik
 []


Underfull \hbox (badness 10000) in paragraph at lines 51--51
\TU/TimesNewRoman(0)/m/n/12 (\TU/TimesNewRoman(0)/m/it/12 pidlink\TU/TimesNewRo
man(0)/m/n/12 ) se-
 []


Underfull \hbox (badness 10000) in paragraph at lines 51--51
\TU/TimesNewRoman(0)/m/n/12 bagai kunci
 []


Underfull \hbox (badness 10000) in paragraph at lines 51--51
\TU/TimesNewRoman(0)/m/n/12 penggabungan
 []


Underfull \hbox (badness 10000) in paragraph at lines 51--51
\TU/TimesNewRoman(0)/m/n/12 dasar berupa
 []


Underfull \hbox (badness 4805) in paragraph at lines 51--51
\TU/TimesNewRoman(0)/m/n/12 usia dan jenis
 []


Underfull \hbox (badness 6173) in paragraph at lines 51--51
\TU/TimesNewRoman(0)/m/n/12 serta frekuensi
 []


Underfull \hbox (badness 10000) in paragraph at lines 51--51
\TU/TimesNewRoman(0)/m/n/12 aktivitas fisik
 []


Underfull \hbox (badness 10000) in paragraph at lines 51--51
\TU/TimesNewRoman(0)/m/n/12 berbasis IPAQ
 []


Underfull \hbox (badness 1259) in paragraph at lines 51--51
\TU/TimesNewRoman(0)/m/n/12 (aktivitas berat,
 []


Underfull \hbox (badness 10000) in paragraph at lines 51--51
\TU/TimesNewRoman(0)/m/n/12 sedang, dan
 []


Underfull \hbox (badness 2027) in paragraph at lines 51--51
\TU/TimesNewRoman(0)/m/n/12 kit kronis; ko-
 []


Underfull \hbox (badness 6125) in paragraph at lines 51--51
[]|\TU/TimesNewRoman(0)/m/n/12 Frekuensi kon-
 []


Underfull \hbox (badness 3942) in paragraph at lines 51--51
\TU/TimesNewRoman(0)/m/it/12 fast food\TU/TimesNewRoman(0)/m/n/12 , ’M’
 []


Underfull \hbox (badness 10000) in paragraph at lines 51--51
\TU/TimesNewRoman(0)/m/n/12 bersoda, dan
 []


Underfull \hbox (badness 10000) in paragraph at lines 51--51
\TU/TimesNewRoman(0)/m/n/12 ’O’ untuk go-
 []


Underfull \hbox (badness 10000) in paragraph at lines 51--51
[]|\TU/TimesNewRoman(0)/m/it/12 us04\TU/TimesNewRoman(0)/m/n/12 , \TU/TimesNewR
oman(0)/m/it/12 us06\TU/TimesNewRoman(0)/m/n/12 ,
 []


Underfull \hbox (badness 2376) in paragraph at lines 51--51
\TU/TimesNewRoman(0)/m/it/12 us06a\TU/TimesNewRoman(0)/m/n/12 , \TU/TimesNewRom
an(0)/m/it/12 us07a1\TU/TimesNewRoman(0)/m/n/12 ,
 []


Underfull \hbox (badness 10000) in paragraph at lines 51--51
[]|\TU/TimesNewRoman(0)/m/n/12 Pengukuran
 []


Underfull \hbox (badness 10000) in paragraph at lines 51--51
\TU/TimesNewRoman(0)/m/n/12 fisik berupa
 []


Underfull \hbox (badness 10000) in paragraph at lines 51--51
\TU/TimesNewRoman(0)/m/n/12 tinggi badan,
 []


Underfull \hbox (badness 10000) in paragraph at lines 51--51
\TU/TimesNewRoman(0)/m/n/12 berat badan,
 []


Underfull \hbox (badness 10000) in paragraph at lines 51--51
\TU/TimesNewRoman(0)/m/n/12 dan lingkar
 []


Underfull \hbox (badness 10000) in paragraph at lines 51--51
\TU/TimesNewRoman(0)/m/n/12 tekanan darah
 []


Underfull \hbox (badness 10000) in paragraph at lines 51--51
\TU/TimesNewRoman(0)/m/n/12 sistolik dan
 []


Underfull \hbox (badness 10000) in paragraph at lines 51--51
\TU/TimesNewRoman(0)/m/n/12 diastolik yang
 []


Underfull \hbox (badness 10000) in paragraph at lines 51--51
\TU/TimesNewRoman(0)/m/n/12 menjadi dasar
 []


Underfull \hbox (badness 10000) in paragraph at lines 51--51
\TU/TimesNewRoman(0)/m/n/12 pembentukan
 []


Underfull \hbox (badness 10000) in paragraph at lines 51--51
[]|\TU/TimesNewRoman(0)/m/n/12 Kualitas tidur
 []


Underfull \hbox (badness 10000) in paragraph at lines 51--51
\TU/TimesNewRoman(0)/m/n/12 dan gangguan
 []


Underfull \hbox (badness 10000) in paragraph at lines 51--51
\TU/TimesNewRoman(0)/m/n/12 tidur dengan
 []


Underfull \hbox (badness 10000) in paragraph at lines 51--51
\TU/TimesNewRoman(0)/m/n/12 skala ordinal
 []


LaTeX Warning: Float too large for page by 74.3695pt on input line 52.



[60]

[61]

[62]
Overfull \hbox (5.97324pt too wide) in paragraph at lines 69--70
\TU/TimesNewRoman(0)/m/n/12 lui modul \TU/TimesNewRoman(0)/m/it/12 B3B_TDR \TU/
TimesNewRoman(0)/m/n/12 (atau modul terkait kuesioner tidur). Fitur bernama \TU
/TimesNewRoman(0)/m/it/12 sleep_quality
 []


Overfull \hbox (398.3386pt too wide) detected at line 76
[]
 []


Overfull \hbox (64.2263pt too wide) in alignment at lines 75--80
[] [] [] [] []
 []


Overfull \hbox (64.2263pt too wide) in alignment at lines 80--85
[] [] [] [] []
 []


Overfull \hbox (64.2263pt too wide) in alignment at lines 85--88
[] [] [] [] []
 []


Overfull \hbox (64.2263pt too wide) in alignment at lines 88--91
[] [] [] [] []
 []


Underfull \hbox (badness 10000) in paragraph at lines 93--93
[]|\TU/TimesNewRoman(0)/m/n/12 Nomor identifikasi
 []


Underfull \hbox (badness 10000) in paragraph at lines 93--93
\TU/TimesNewRoman(0)/m/n/12 unik yang bersi-
 []


Underfull \hbox (badness 10000) in paragraph at lines 93--93
\TU/TimesNewRoman(0)/m/n/12 fat permanen dan
 []


Underfull \hbox (badness 10000) in paragraph at lines 93--93
\TU/TimesNewRoman(0)/m/n/12 digunakan untuk
 []


Underfull \hbox (badness 10000) in paragraph at lines 93--93
\TU/TimesNewRoman(0)/m/n/12 mengidentifikasi
 []


Underfull \hbox (badness 10000) in paragraph at lines 93--93
\TU/TimesNewRoman(0)/m/n/12 setiap responden
 []


Underfull \hbox (badness 10000) in paragraph at lines 93--93
\TU/TimesNewRoman(0)/m/n/12 gelombang survei
 []


Underfull \hbox (badness 10000) in paragraph at lines 93--93
\TU/TimesNewRoman(0)/m/n/12 IFLS. Penelitian
 []


Underfull \hbox (badness 10000) in paragraph at lines 93--93
\TU/TimesNewRoman(0)/m/n/12 atkan \TU/TimesNewRoman(0)/m/it/12 pidlink \TU/Time
sNewRoman(0)/m/n/12 dari
 []


Underfull \hbox (badness 10000) in paragraph at lines 93--93
\TU/TimesNewRoman(0)/m/n/12 gelombang IFLS
 []


Underfull \hbox (badness 6842) in paragraph at lines 95--95
[]|\TU/TimesNewRoman(0)/m/n/12 Apa jenis kelamin
 []


Underfull \hbox (badness 10000) in paragraph at lines 95--95
\TU/TimesNewRoman(0)/m/n/12 anda? (Laki-
 []


Underfull \hbox (badness 10000) in paragraph at lines 101--101
[]|\TU/TimesNewRoman(0)/m/it/12 kk020_A\TU/TimesNewRoman(0)/m/n/12 ,
 []


Underfull \hbox (badness 10000) in paragraph at lines 101--101
\TU/TimesNewRoman(0)/m/it/12 kk020_B\TU/TimesNewRoman(0)/m/n/12 ,
 []


Underfull \hbox (badness 2073) in paragraph at lines 101--101
[]|\TU/TimesNewRoman(0)/m/n/12 1. Selama 7 hari
 []


Underfull \hbox (badness 10000) in paragraph at lines 101--101
\TU/TimesNewRoman(0)/m/n/12 anda melakukan
 []


Underfull \hbox (badness 10000) in paragraph at lines 101--101
\TU/TimesNewRoman(0)/m/n/12 [A] paling tidak
 []


Underfull \hbox (badness 10000) in paragraph at lines 101--101
\TU/TimesNewRoman(0)/m/n/12 selama 10 menit
 []


Underfull \hbox (badness 2073) in paragraph at lines 101--101
\TU/TimesNewRoman(0)/m/n/12 2. Selama 7 hari
 []


Underfull \hbox (badness 3281) in paragraph at lines 101--101
\TU/TimesNewRoman(0)/m/n/12 giatan fisik sedang
 []


Underfull \hbox (badness 10000) in paragraph at lines 101--101
\TU/TimesNewRoman(0)/m/n/12 [B] paling tidak
 []


Underfull \hbox (badness 10000) in paragraph at lines 101--101
\TU/TimesNewRoman(0)/m/n/12 selama 10 menit
 []


Underfull \hbox (badness 2073) in paragraph at lines 101--101
\TU/TimesNewRoman(0)/m/n/12 3. Selama 7 hari
 []


Underfull \hbox (badness 5817) in paragraph at lines 101--101
\TU/TimesNewRoman(0)/m/n/12 anda berjalan kaki
 []


Underfull \hbox (badness 10000) in paragraph at lines 101--101
\TU/TimesNewRoman(0)/m/n/12 [C] paling tidak
 []


Underfull \hbox (badness 10000) in paragraph at lines 101--101
\TU/TimesNewRoman(0)/m/n/12 selama 10 menit
 []


Underfull \hbox (badness 10000) in paragraph at lines 101--101
\TU/TimesNewRoman(0)/m/n/12 A. Kegiatan fisik
 []


Underfull \hbox (badness 1533) in paragraph at lines 101--101
\TU/TimesNewRoman(0)/m/n/12 berat dari biasanya,
 []


Underfull \hbox (badness 6236) in paragraph at lines 101--101
\TU/TimesNewRoman(0)/m/n/12 seperti mengangkat
 []


Underfull \hbox (badness 10000) in paragraph at lines 101--101
\TU/TimesNewRoman(0)/m/n/12 gali, mencangkul,
 []


Underfull \hbox (badness 10000) in paragraph at lines 101--101
\TU/TimesNewRoman(0)/m/n/12 bersepeda sambil
 []


Underfull \hbox (badness 10000) in paragraph at lines 101--101
\TU/TimesNewRoman(0)/m/n/12 membawa beban
 []


Underfull \hbox (badness 3746) in paragraph at lines 101--101
\TU/TimesNewRoman(0)/m/n/12 berat, dan sebagai-
 []


Underfull \hbox (badness 10000) in paragraph at lines 101--101
\TU/TimesNewRoman(0)/m/n/12 B. Kegiatan fisik
 []


Underfull \hbox (badness 3108) in paragraph at lines 101--101
\TU/TimesNewRoman(0)/m/n/12 sedang, yaitu kegi-
 []


Underfull \hbox (badness 1845) in paragraph at lines 101--101
\TU/TimesNewRoman(0)/m/n/12 anda bernafas agak
 []


Underfull \hbox (badness 10000) in paragraph at lines 101--101
\TU/TimesNewRoman(0)/m/n/12 lebih berat dari
 []


Underfull \hbox (badness 10000) in paragraph at lines 101--101
\TU/TimesNewRoman(0)/m/n/12 biasanya, seperti
 []


Underfull \hbox (badness 4378) in paragraph at lines 101--101
\TU/TimesNewRoman(0)/m/n/12 mengangkat barang
 []


Underfull \hbox (badness 10000) in paragraph at lines 101--101
\TU/TimesNewRoman(0)/m/n/12 yang tidak terlalu
 []


Underfull \hbox (badness 10000) in paragraph at lines 101--101
\TU/TimesNewRoman(0)/m/n/12 berat, bersepeda
 []


Underfull \hbox (badness 10000) in paragraph at lines 101--101
\TU/TimesNewRoman(0)/m/n/12 dalam kecepatan
 []


Underfull \hbox (badness 3302) in paragraph at lines 101--101
\TU/TimesNewRoman(0)/m/n/12 lantai (tidak terma-
 []


Underfull \hbox (badness 10000) in paragraph at lines 103--103
[]|\TU/TimesNewRoman(0)/m/it/12 cd05 \TU/TimesNewRoman(0)/m/n/12 (dengan
 []


Underfull \hbox (badness 10000) in paragraph at lines 103--103
[]|\TU/TimesNewRoman(0)/m/n/12 Apakah Dokte-
 []


Underfull \hbox (badness 10000) in paragraph at lines 103--103
\TU/TimesNewRoman(0)/m/n/12 r/Paramedis/Pera-
 []


Underfull \hbox (badness 10000) in paragraph at lines 103--103
\TU/TimesNewRoman(0)/m/n/12 wat/Bidan pernah
 []


Underfull \hbox (badness 10000) in paragraph at lines 103--103
\TU/TimesNewRoman(0)/m/n/12 mengatakan bah-
 []


Underfull \hbox (badness 10000) in paragraph at lines 103--103
\TU/TimesNewRoman(0)/m/n/12 wa anda memiliki
 []


Underfull \hbox (badness 10000) in paragraph at lines 103--103
\TU/TimesNewRoman(0)/m/n/12 penyakit diabetes?
 []


Underfull \hbox (badness 10000) in paragraph at lines 105--105
[]|\TU/TimesNewRoman(0)/m/n/12 Kolesterol
 []


Underfull \hbox (badness 10000) in paragraph at lines 105--105
[]|\TU/TimesNewRoman(0)/m/it/12 cd05 \TU/TimesNewRoman(0)/m/n/12 (dengan
 []


Underfull \hbox (badness 10000) in paragraph at lines 105--105
[]|\TU/TimesNewRoman(0)/m/n/12 Apakah Dokte-
 []


Underfull \hbox (badness 10000) in paragraph at lines 105--105
\TU/TimesNewRoman(0)/m/n/12 r/Paramedis/Pera-
 []


Underfull \hbox (badness 10000) in paragraph at lines 105--105
\TU/TimesNewRoman(0)/m/n/12 wat/Bidan pernah
 []


Underfull \hbox (badness 10000) in paragraph at lines 105--105
\TU/TimesNewRoman(0)/m/n/12 mengatakan bah-
 []


Underfull \hbox (badness 10000) in paragraph at lines 105--105
\TU/TimesNewRoman(0)/m/n/12 wa anda memiliki
 []


Underfull \hbox (badness 10000) in paragraph at lines 105--105
\TU/TimesNewRoman(0)/m/n/12 penyakit kolesterol
 []


Underfull \hbox (badness 10000) in paragraph at lines 107--107
[]|\TU/TimesNewRoman(0)/m/n/12 Dalam seminggu
 []


Underfull \hbox (badness 10000) in paragraph at lines 107--107
\TU/TimesNewRoman(0)/m/n/12 anda mengonsumsi
 []


Underfull \hbox (badness 10000) in paragraph at lines 111--111
[]|\TU/TimesNewRoman(0)/m/n/12 Dalam seminggu
 []


Underfull \hbox (badness 10000) in paragraph at lines 111--111
\TU/TimesNewRoman(0)/m/n/12 anda mengonsum-
 []


Underfull \hbox (badness 10000) in paragraph at lines 111--111
\TU/TimesNewRoman(0)/m/n/12 si makanan yang
 []


Underfull \hbox (badness 1253) in paragraph at lines 113--113
[]|\TU/TimesNewRoman(0)/m/n/12 Berapa berat badan
 []


Underfull \hbox (badness 10000) in paragraph at lines 117--117
[]|\TU/TimesNewRoman(0)/m/n/12 Lingkar ping-
 []


Underfull \hbox (badness 1297) in paragraph at lines 121--121
\TU/TimesNewRoman(0)/m/n/12 tolik responden, di-
 []


Underfull \hbox (badness 10000) in paragraph at lines 123--123
[]|\TU/TimesNewRoman(0)/m/n/12 Dalam 1 minggu
 []


Underfull \hbox (badness 1655) in paragraph at lines 123--123
\TU/TimesNewRoman(0)/m/n/12 terakhir, bagaimana
 []


Underfull \hbox (badness 10000) in paragraph at lines 125--125
[]|\TU/TimesNewRoman(0)/m/n/12 Gangguan
 []


Underfull \hbox (badness 6078) in paragraph at lines 125--125
\TU/TimesNewRoman(0)/m/n/12 mi gangguan tidur
 []


Underfull \hbox (badness 1742) in paragraph at lines 125--125
\TU/TimesNewRoman(0)/m/n/12 (sulit tidur atau se-
 []


Overfull \hbox (64.2263pt too wide) in alignment at lines 91--126
[] [] [] [] []
 []



[63] [64] [65] [66]
Underfull \vbox (badness 10000) has occurred while \output is active []



[67]
Overfull \hbox (17.20087pt too wide) in paragraph at lines 165--166
\TU/TimesNewRoman(0)/m/n/12 dan \TU/TimesNewRoman(0)/m/it/12 is_high_cholestero
l\TU/TimesNewRoman(0)/m/n/12 , serta kode 9 pada variabel \TU/TimesNewRoman(0)/
m/it/12 sleep_quality \TU/TimesNewRoman(0)/m/n/12 dan \TU/TimesNewRoman(0)/m/it
/12 sleep_disturbance\TU/TimesNewRoman(0)/m/n/12 .
 []

File: images/eda/g1_target_balance.png Graphic file (type bmp)
<images/eda/g1_target_balance.png>
File: images/eda/g2_systolic.png Graphic file (type bmp)
<images/eda/g2_systolic.png>


[68]
File: images/eda/g3_diastolic.png Graphic file (type bmp)
<images/eda/g3_diastolic.png>
File: images/eda/g4_scatter.png Graphic file (type bmp)
<images/eda/g4_scatter.png>


[69]

[70]
Underfull \hbox (badness 10000) in paragraph at lines 217--217
[]|\TU/TimesNewRoman(0)/b/n/12 Rentang Hi-
 []


Underfull \hbox (badness 10000) in paragraph at lines 221--221
[]|\TU/TimesNewRoman(0)/m/it/12 freq_fast_food \TU/TimesNewRoman(0)/m/n/12 90,4
%, \TU/TimesNewRoman(0)/m/it/12 freq_soda \TU/TimesNewRoman(0)/m/n/12 83,2%,
 []


Underfull \hbox (badness 10000) in paragraph at lines 221--221
\TU/TimesNewRoman(0)/m/it/12 freq_hard_act \TU/TimesNewRoman(0)/m/n/12 81,0%, \
TU/TimesNewRoman(0)/m/it/12 waist_cm \TU/TimesNewRoman(0)/m/n/12 63,7%,
 []


Underfull \hbox (badness 10000) in paragraph at lines 223--223
[]|\TU/TimesNewRoman(0)/m/n/12 10% sampai
 []


Underfull \hbox (badness 10000) in paragraph at lines 224--224
[]|\TU/TimesNewRoman(0)/m/it/12 freq_fried_food \TU/TimesNewRoman(0)/m/n/12 43,
8%, \TU/TimesNewRoman(0)/m/it/12 freq_walking \TU/TimesNewRoman(0)/m/n/12 39,7%
,
 []


Underfull \hbox (badness 10000) in paragraph at lines 227--227
[]|\TU/TimesNewRoman(0)/m/it/12 is_diabetes \TU/TimesNewRoman(0)/m/n/12 5,9%, \
TU/TimesNewRoman(0)/m/it/12 is_high_cholesterol \TU/TimesNewRoman(0)/m/n/12 5,9
%,
 []


Overfull \hbox (1.23811pt too wide) in paragraph at lines 215--234
 [][] 
 []

File: images/eda/missing_values.png Graphic file (type bmp)
<images/eda/missing_values.png>


[71]
File: images/eda/g5_corr.png Graphic file (type bmp)
<images/eda/g5_corr.png>


[72]

[73]
File: images/eda/g6_umur.png Graphic file (type bmp)
<images/eda/g6_umur.png>
File: images/eda/g7_bmi.png Graphic file (type bmp)
<images/eda/g7_bmi.png>


[74]

[75]
File: images/eda/g8_biner.png Graphic file (type bmp)
<images/eda/g8_biner.png>
File: images/eda/g9_sleep.png Graphic file (type bmp)
<images/eda/g9_sleep.png>


[76]

[77]
File: images/Picture1.png Graphic file (type bmp)
<images/Picture1.png>


[78]
Package hyperref Info: bookmark level for unknown algorithm defaults to 0 on in
put line 538.

Underfull \vbox (badness 10000) has occurred while \output is active []



[79]

[80]
Underfull \vbox (badness 10000) has occurred while \output is active []



[81]
Overfull \hbox (30.47745pt too wide) in paragraph at lines 578--579
\TU/TimesNewRoman(0)/m/it/12 is_smoking \TU/TimesNewRoman(0)/m/n/12 menjadi \TU
/TimesNewRoman(0)/m/it/12 is_smoker\TU/TimesNewRoman(0)/m/n/12 , \TU/TimesNewRo
man(0)/m/it/12 is_diabetes \TU/TimesNewRoman(0)/m/n/12 menjadi \TU/TimesNewRoma
n(0)/m/it/12 has_diabetes\TU/TimesNewRoman(0)/m/n/12 , dan \TU/TimesNewRoman(0)
/m/it/12 is_high_cholesterol
 []


Overfull \hbox (6.86154pt too wide) in paragraph at lines 585--586
\TU/TimesNewRoman(0)/m/it/12 waist_cm \TU/TimesNewRoman(0)/m/n/12 (64%), \TU/Ti
mesNewRoman(0)/m/it/12 freq_moderate_act \TU/TimesNewRoman(0)/m/n/12 (52%), \TU
/TimesNewRoman(0)/m/it/12 freq_fried_food \TU/TimesNewRoman(0)/m/n/12 (44%), da
n \TU/TimesNewRoman(0)/m/it/12 freq_walking
 []



[82]
Underfull \hbox (badness 10000) in paragraph at lines 604--604
[]|\TU/TimesNewRoman(0)/m/n/12 Status kolesterol tinggi, diturunkan dari
 []


Overfull \hbox (12.65298pt too wide) in paragraph at lines 596--609
 [][] 
 []



[83]

[84]
Overfull \hbox (61.5563pt too wide) in paragraph at lines 668--689
 [][] 
 []



[85]
Underfull \vbox (badness 10000) has occurred while \output is active []



[86]

[87]
Overfull \hbox (44.63026pt too wide) in paragraph at lines 759--769
 [][] 
 []



[88]
Overfull \hbox (66.59698pt too wide) in paragraph at lines 807--817
 [][] 
 []


Underfull \vbox (badness 10000) has occurred while \output is active []



[89]
Overfull \hbox (44.63026pt too wide) in paragraph at lines 846--856
 [][] 
 []



[90]

[91]

[92]
File: images/confusion_matrix_youden.png Graphic file (type bmp)
<images/confusion_matrix_youden.png>
File: images/roc_curve_youden.png Graphic file (type bmp)
<images/roc_curve_youden.png>

Underfull \vbox (badness 10000) has occurred while \output is active []



[93]

[94]
Package microtype Info: Loading generic protrusion settings for font family
(microtype)             `lmtt' (encoding: TU).
(microtype)             For optimal results, create family-specific settings.
(microtype)             See the microtype manual for details.

Underfull \vbox (badness 10000) has occurred while \output is active []



[95]
File: images/xai/global_bar_mean_abs.png Graphic file (type bmp)
<images/xai/global_bar_mean_abs.png>

Underfull \hbox (badness 2426) in paragraph at lines 995--995
[][]|\TU/TimesNewRoman(0)/m/n/12 Tingkat Kepentingan Fitur Berdasarkan Rata-rat
a Nilai Absolut
 []


Underfull \vbox (badness 2134) has occurred while \output is active []



[96]
File: images/xai/global_beeswarm.png Graphic file (type bmp)
<images/xai/global_beeswarm.png>
File: images/xai/dependence_age.png Graphic file (type bmp)
<images/xai/dependence_age.png>
File: images/xai/dependence_bmi.png Graphic file (type bmp)
<images/xai/dependence_bmi.png>
File: images/xai/dependence_is_female.png Graphic file (type bmp)
<images/xai/dependence_is_female.png>


[97]

[98]
File: images/xai/dependence_sleep_disturbance.png Graphic file (type bmp)
<images/xai/dependence_sleep_disturbance.png>


[99]
File: images/xai/dependence_sleep_quality.png Graphic file (type bmp)
<images/xai/dependence_sleep_quality.png>
File: images/xai/dependence_is_smoker.png Graphic file (type bmp)
<images/xai/dependence_is_smoker.png>
File: images/xai/dependence_has_diabetes.png Graphic file (type bmp)
<images/xai/dependence_has_diabetes.png>
File: images/xai/dependence_has_high_cholesterol.png Graphic file (type bmp)
<images/xai/dependence_has_high_cholesterol.png>


[100]

[101]
Underfull \hbox (badness 2556) in paragraph at lines 1099--1099
[]|$\OMS/cmsy/m/n/12 ^^Y$ \TU/TimesNewRoman(0)/m/n/12 43 tahun (40–
 []


Underfull \hbox (badness 10000) in paragraph at lines 1099--1099
[]|\TU/TimesNewRoman(0)/m/n/12 Tidak kolesterol
 []



[102]
File: images/xai/local_waterfall_prob_idx0.png Graphic file (type bmp)
<images/xai/local_waterfall_prob_idx0.png>

Underfull \vbox (badness 10000) has occurred while \output is active []



[103]

[104]

[105]

[106]
Underfull \hbox (badness 2119) in paragraph at lines 1237--1237
[]|\TU/TimesNewRoman(0)/m/n/12 Fakta di-\TU/TimesNewRoman(0)/m/it/12 hedge\TU/T
imesNewRoman(0)/m/n/12 ; tunduk
 []


Underfull \hbox (badness 2865) in paragraph at lines 1237--1237
[]|\TU/TimesNewRoman(0)/m/n/12 Di-\TU/TimesNewRoman(0)/m/it/12 override\TU/Time
sNewRoman(0)/m/n/12 : fakta me-
 []


Underfull \vbox (badness 6188) has occurred while \output is active []



[107]
Underfull \vbox (badness 1715) has occurred while \output is active []



[108]

[109]
Overfull \hbox (2.83487pt too wide) in paragraph at lines 1277--1278
\TU/TimesNewRoman(0)/m/n/12 mengintegrasikan ketiga modul, yaitu model klasifik
asi XGBoost, interpretasi SHAP,
 []


Underfull \vbox (badness 10000) has occurred while \output is active []



[110]
Underfull \hbox (badness 10000) in paragraph at lines 1300--1301
[]|\TU/TimesNewRoman(0)/m/n/10.95 Titik akhir tunggal \TU/TimesNewRoman(0)/m/it
/10.95 POST /api-
 []


Underfull \hbox (badness 2556) in paragraph at lines 1306--1307
[]|\TU/TimesNewRoman(0)/m/n/10.95 Hanya menghaluskan bahasa; tanpa
 []


Overfull \hbox (51.82632pt too wide) in paragraph at lines 1294--1309
 [][] 
 []



[111]
File: images/prototype/form_input_1.png Graphic file (type bmp)
<images/prototype/form_input_1.png>
File: images/prototype/form_input_2.png Graphic file (type bmp)
<images/prototype/form_input_2.png>

Underfull \vbox (badness 10000) has occurred while \output is active []



[112]
File: images/prototype/form_input_3.png Graphic file (type bmp)
<images/prototype/form_input_3.png>


[113]
File: images/hasil_prediksi.png Graphic file (type bmp)
<images/hasil_prediksi.png>
)
Underfull \vbox (badness 10000) has occurred while \output is active []



[114] (Bab VI - Evaluasi.tex

[115]

[116

]
Bab VI.

Overfull \hbox (38.06049pt too wide) in paragraph at lines 32--44
\TU/TimesNewRoman(0)/m/it/12 Random Forest\TU/TimesNewRoman(0)/m/n/12 , \TU/Tim
esNewRoman(0)/m/it/12 XGBoost\TU/TimesNewRoman(0)/m/n/12 , dan \TU/TimesNewRoma
n(0)/m/it/12 CatBoost\TU/TimesNewRoman(0)/m/n/12 . Keempatnya disetel menggunak
an \TU/lmtt/m/n/12 GridSearchCV
 []



[117

]
Overfull \hbox (6.02045pt too wide) in paragraph at lines 67--75
\TU/TimesNewRoman(0)/m/n/12 oleh pemilihan ambang. Dengan ROC-AUC sebesar 0,779
5 dan \TU/TimesNewRoman(0)/m/it/12 recall \TU/TimesNewRoman(0)/m/n/12 sebesar 0
,7186
 []



[118]
Underfull \hbox (badness 10000) in paragraph at lines 164--164
[]|\TU/TimesNewRoman(0)/m/n/12 Konsistensi terhadap
 []



[119]

[120]
Underfull \hbox (badness 10000) in paragraph at lines 196--196
[]|\TU/TimesNewRoman(0)/m/n/10.95 Pekerja korpo-
 []


Underfull \hbox (badness 1365) in paragraph at lines 196--196
[]|\TU/TimesNewRoman(0)/m/n/10.95 Komorbid leng-
 []



[121]

[122]

[123]

[124]
Overfull \hbox (0.57947pt too wide) in paragraph at lines 381--388
\TU/TimesNewRoman(0)/m/n/12 tinggi daripada komponen SHAP. Aspek keamanan mempe
roleh nilai tertinggi (4,57;
 []


Underfull \vbox (badness 10000) has occurred while \output is active []



[125]) (Bab VII - Penutup.tex

[126]
Bab VII.


[127


]

[128]
Overfull \hbox (0.88992pt too wide) in paragraph at lines 35--36
[]\TU/TimesNewRoman(0)/m/n/12 Meningkatkan stabilitas interpretasi pada fitur d
engan jumlah data positif yang
 []

)

[129]

[130

]
Overfull \hbox (1.28578pt too wide) in paragraph at lines 392--392
[][]\TU/TimesNewRoman(0)/m/n/12 Benetos, Athanase, Mirko Petrovic, dan Timo Str
andberg. 2019. “  Hypertension Man-
 []


Overfull \hbox (1.83174pt too wide) in paragraph at lines 392--392
\TU/TimesNewRoman(0)/m/n/12 agement in Older and Frail Older Patients”. \TU/Tim
esNewRoman(0)/m/it/12 Circulation Research \TU/TimesNewRoman(0)/m/n/12 124 (7):
 1045–
 []



[131

]
Overfull \hbox (0.39348pt too wide) in paragraph at lines 392--392
[][]\TU/TimesNewRoman(0)/m/n/12 Chen, T., dan C. Guestrin. 2016. “  XGBoost: A 
scalable tree boosting system”. Dalam
 []


Overfull \hbox (8.98769pt too wide) in paragraph at lines 392--392
\TU/TimesNewRoman(0)/m/n/12 ture landscape of large language models in medicine
”. \TU/TimesNewRoman(0)/m/it/12 Communications Medicine
 []



[132]

[133]

[134]

[135]

[136]
Overfull \hbox (24.94482pt too wide) in paragraph at lines 392--392
[][]\TU/TimesNewRoman(0)/m/n/12 Perhimpunan Dokter Hipertensi Indonesia. 2021. 
\TU/TimesNewRoman(0)/m/it/12 Konsensus Penatalaksanaan Hipertensi
 []



[137]

[138]
Overfull \hbox (6.87512pt too wide) in paragraph at lines 392--392
[][]\TU/TimesNewRoman(0)/m/n/12 Sparrenberger, F., F. T. Cichelero, A. M. Ascol
i, F. P. Fonseca, G. Weiss, O. Berwanger,
 []



[139] (Lampiran-A.tex

[140]
Lampiran A.
) (Lampiran-B.tex) (Lampiran-C.tex

[141


]

[142

]
Lampiran B.

Underfull \hbox (badness 2932) in paragraph at lines 231--231
[]|\TU/TimesNewRoman(0)/m/n/12 Kemudahan dipaha-
 []


Overfull \hbox (30.96983pt too wide) in paragraph at lines 225--234
 [] 
 []



[143

]
Underfull \hbox (badness 10000) in paragraph at lines 251--251
[]|\TU/TimesNewRoman(0)/m/n/12 Keamanan (potensi
 []


Overfull \hbox (30.96983pt too wide) in paragraph at lines 243--253
 [] 
 []



[144]
Underfull \hbox (badness 2932) in paragraph at lines 283--283
[]|\TU/TimesNewRoman(0)/m/n/12 Kemudahan dipaha-
 []


Overfull \hbox (30.96983pt too wide) in paragraph at lines 277--286
 [] 
 []



[145]
Underfull \hbox (badness 10000) in paragraph at lines 303--303
[]|\TU/TimesNewRoman(0)/m/n/12 Keamanan (potensi
 []


Overfull \hbox (30.96983pt too wide) in paragraph at lines 295--305
 [] 
 []



[146]
Underfull \hbox (badness 2932) in paragraph at lines 330--330
[]|\TU/TimesNewRoman(0)/m/n/12 Kemudahan dipaha-
 []


Overfull \hbox (30.96983pt too wide) in paragraph at lines 324--333
 [] 
 []



[147]
Overfull \hbox (30.96983pt too wide) in paragraph at lines 337--347
 [] 
 []


Underfull \hbox (badness 2932) in paragraph at lines 372--372
[]|\TU/TimesNewRoman(0)/m/n/12 Kemudahan dipaha-
 []


Overfull \hbox (30.96983pt too wide) in paragraph at lines 366--375
 [] 
 []



[148]
Overfull \hbox (30.96983pt too wide) in paragraph at lines 384--394
 [] 
 []



[149]
Underfull \hbox (badness 2932) in paragraph at lines 426--426
[]|\TU/TimesNewRoman(0)/m/n/12 Kemudahan dipaha-
 []


Overfull \hbox (30.96983pt too wide) in paragraph at lines 420--429
 [] 
 []



[150]
Overfull \hbox (30.96983pt too wide) in paragraph at lines 439--449
 [] 
 []


Underfull \hbox (badness 2932) in paragraph at lines 480--480
[]|\TU/TimesNewRoman(0)/m/n/12 Kemudahan dipaha-
 []


Overfull \hbox (30.96983pt too wide) in paragraph at lines 474--483
 [] 
 []



[151]
Overfull \hbox (30.96983pt too wide) in paragraph at lines 493--503
 [] 
 []



[152]
Underfull \hbox (badness 2932) in paragraph at lines 535--535
[]|\TU/TimesNewRoman(0)/m/n/12 Kemudahan dipaha-
 []


Overfull \hbox (30.96983pt too wide) in paragraph at lines 529--538
 [] 
 []



[153]
Overfull \hbox (30.96983pt too wide) in paragraph at lines 547--557
 [] 
 []



[154]
File: images/gambar2eval.jpg Graphic file (type bmp)
<images/gambar2eval.jpg>
File: images/gambar1eval.jpg Graphic file (type bmp)
<images/gambar1eval.jpg>
) (Lampiran-D.tex

[155]

[156

]
Lampiran C.
File: images/dataunderstanding.drawio.png Graphic file (type bmp)
<images/dataunderstanding.drawio.png>
File: images/Diagram Proses-Data-modelling-ML.drawio.png Graphic file (type bmp
)
<images/Diagram Proses-Data-modelling-ML.drawio.png>
)
Underfull \vbox (badness 10000) has occurred while \output is active []



[157

]

[158]

Package caption Warning: Unused \captionsetup[lstlisting] on input line 293.
See the caption package documentation for explanation.

(TA.aux)
 ***********
LaTeX2e <2025-06-01> patch level 1
L3 programming layer <2025-10-09>
 ***********


LaTeX Warning: There were multiply-defined labels.

Package rerunfilecheck Info: File `TA.out' has not changed.
(rerunfilecheck)             Checksum: 63306E46ABB862CAD2549AC80636FC7F;27252.
Package logreq Info: Writing requests to 'TA.run.xml'.
\openout1 = `TA.run.xml'.

 ) 
Here is how much of TeX's memory you used:
 35505 strings out of 403196
 698708 string characters out of 5455712
 2121789 words of memory out of 5000000
 63536 multiletter control sequences out of 15000+600000
 634546 words of font info for 99 fonts, out of 8000000 for 9000
 1348 hyphenation exceptions out of 8191
 73i,11n,95p,2408b,6986s stack positions out of 10000i,1000n,20000p,200000b,200000s

Output written on TA.pdf (184 pages).
